image_id,gel_id,lane_index,lane_type,alias,x_start_norm,x_end_norm,band_count_est,band_y_positions_norm,confidence_0to1,notes
20240517_174014.jpg,20240517_174014,1,marker,M1,0.0,0.034,8,,0.8,auto-preclass seed
20240517_174014.jpg,20240517_174014,2,sample,S1,0.034,0.084,3,,0.6,auto-preclass seed
20240517_174014.jpg,20240517_174014,3,sample,S2,0.084,0.24575,3,,0.6,auto-preclass seed
20240517_174014.jpg,20240517_174014,4,sample,S3,0.24575,0.54925,3,,0.6,auto-preclass seed
20240517_174014.jpg,20240517_174014,5,sample,S4,0.54925,0.72825,3,,0.6,auto-preclass seed
20240517_174014.jpg,20240517_174014,6,sample,S5,0.72825,0.7655,3,,0.6,auto-preclass seed
20240517_174014.jpg,20240517_174014,7,sample,S6,0.7655,0.8025,3,,0.6,auto-preclass seed
20240517_174014.jpg,20240517_174014,8,sample,S7,0.8025,0.90925,3,,0.6,auto-preclass seed
20240517_174014.jpg,20240517_174014,9,marker,M2,0.90925,1.0,8,,0.8,auto-preclass seed
20241011_174239.jpg,20241011_174239,1,marker,M1,0.0,0.202912,8,,0.8,auto-preclass seed
20241011_174239.jpg,20241011_174239,2,sample,S1,0.202912,0.276615,3,,0.6,auto-preclass seed
20241011_174239.jpg,20241011_174239,3,sample,S2,0.276615,0.339399,3,,0.6,auto-preclass seed
20241011_174239.jpg,20241011_174239,4,sample,S3,0.339399,0.386715,3,,0.6,auto-preclass seed
20241011_174239.jpg,20241011_174239,5,sample,S4,0.386715,0.441765,3,,0.6,auto-preclass seed
20241011_174239.jpg,20241011_174239,6,sample,S5,0.441765,0.5,3,,0.6,auto-preclass seed
20241011_174239.jpg,20241011_174239,7,sample,S6,0.5,0.571429,3,,0.6,auto-preclass seed
20241011_174239.jpg,20241011_174239,8,sample,S7,0.571429,0.760692,3,,0.6,auto-preclass seed
20241011_174239.jpg,20241011_174239,9,marker,M2,0.760692,1.0,8,,0.8,auto-preclass seed
20250117_115640.jpg,20250117_115640,1,marker,M1,0.0,0.09011,8,,0.8,auto-preclass seed
20250117_115640.jpg,20250117_115640,2,sample,S1,0.09011,0.31146,3,,0.6,auto-preclass seed
20250117_115640.jpg,20250117_115640,3,sample,S2,0.31146,0.533752,3,,0.6,auto-preclass seed
20250117_115640.jpg,20250117_115640,4,sample,S3,0.533752,0.572057,3,,0.6,auto-preclass seed
20250117_115640.jpg,20250117_115640,5,sample,S4,0.572057,0.610675,3,,0.6,auto-preclass seed
20250117_115640.jpg,20250117_115640,6,sample,S5,0.610675,0.649294,3,,0.6,auto-preclass seed
20250117_115640.jpg,20250117_115640,7,sample,S6,0.649294,0.68697,3,,0.6,auto-preclass seed
20250117_115640.jpg,20250117_115640,8,sample,S7,0.68697,0.723705,3,,0.6,auto-preclass seed
20250117_115640.jpg,20250117_115640,9,marker,M2,0.723705,1.0,8,,0.8,auto-preclass seed
20250117_125801.jpg,20250117_125801,1,marker,M1,0.0,0.080989,8,,0.8,auto-preclass seed
20250117_125801.jpg,20250117_125801,2,sample,S1,0.080989,0.154753,3,,0.6,auto-preclass seed
20250117_125801.jpg,20250117_125801,3,sample,S2,0.154753,0.357034,3,,0.6,auto-preclass seed
20250117_125801.jpg,20250117_125801,4,sample,S3,0.357034,0.527376,3,,0.6,auto-preclass seed
20250117_125801.jpg,20250117_125801,5,sample,S4,0.527376,0.58327,3,,0.6,auto-preclass seed
20250117_125801.jpg,20250117_125801,6,sample,S5,0.58327,0.653232,3,,0.6,auto-preclass seed
20250117_125801.jpg,20250117_125801,7,sample,S6,0.653232,0.719011,3,,0.6,auto-preclass seed
20250117_125801.jpg,20250117_125801,8,sample,S7,0.719011,0.771483,3,,0.6,auto-preclass seed
20250117_125801.jpg,20250117_125801,9,marker,M2,0.771483,1.0,8,,0.8,auto-preclass seed
20250122_133449.jpg,20250122_133449,1,marker,M1,0.0,0.037297,8,,0.8,auto-preclass seed
20250122_133449.jpg,20250122_133449,2,sample,S1,0.037297,0.088635,3,,0.6,auto-preclass seed
20250122_133449.jpg,20250122_133449,3,sample,S2,0.088635,0.154454,3,,0.6,auto-preclass seed
20250122_133449.jpg,20250122_133449,4,sample,S3,0.154454,0.205792,3,,0.6,auto-preclass seed
20250122_133449.jpg,20250122_133449,5,sample,S4,0.205792,0.257569,3,,0.6,auto-preclass seed
20250122_133449.jpg,20250122_133449,6,sample,S5,0.257569,0.479158,3,,0.6,auto-preclass seed
20250122_133449.jpg,20250122_133449,7,sample,S6,0.479158,0.68846,3,,0.6,auto-preclass seed
20250122_133449.jpg,20250122_133449,8,sample,S7,0.68846,0.737165,3,,0.6,auto-preclass seed
20250122_133449.jpg,20250122_133449,9,marker,M2,0.737165,1.0,8,,0.8,auto-preclass seed
20250122_134025.jpg,20250122_134025,1,marker,M1,0.0,0.021953,8,,0.8,auto-preclass seed
20250122_134025.jpg,20250122_134025,2,sample,S1,0.021953,0.058925,3,,0.6,auto-preclass seed
20250122_134025.jpg,20250122_134025,3,sample,S2,0.058925,0.099942,3,,0.6,auto-preclass seed
20250122_134025.jpg,20250122_134025,4,sample,S3,0.099942,0.140959,3,,0.6,auto-preclass seed
20250122_134025.jpg,20250122_134025,5,sample,S4,0.140959,0.17851,3,,0.6,auto-preclass seed
20250122_134025.jpg,20250122_134025,6,sample,S5,0.17851,0.215482,3,,0.6,auto-preclass seed
20250122_134025.jpg,20250122_134025,7,sample,S6,0.215482,0.259388,3,,0.6,auto-preclass seed
20250122_134025.jpg,20250122_134025,8,sample,S7,0.259388,0.317158,3,,0.6,auto-preclass seed
20250122_134025.jpg,20250122_134025,9,marker,M2,0.317158,1.0,8,,0.8,auto-preclass seed
20250122_135747.jpg,20250122_135747,1,marker,M1,0.0,0.023309,8,,0.8,auto-preclass seed
20250122_135747.jpg,20250122_135747,2,sample,S1,0.023309,0.060374,3,,0.6,auto-preclass seed
20250122_135747.jpg,20250122_135747,3,sample,S2,0.060374,0.098586,3,,0.6,auto-preclass seed
20250122_135747.jpg,20250122_135747,4,sample,S3,0.098586,0.136798,3,,0.6,auto-preclass seed
20250122_135747.jpg,20250122_135747,5,sample,S4,0.136798,0.17501,3,,0.6,auto-preclass seed
20250122_135747.jpg,20250122_135747,6,sample,S5,0.17501,0.214368,3,,0.6,auto-preclass seed
20250122_135747.jpg,20250122_135747,7,sample,S6,0.214368,0.411922,3,,0.6,auto-preclass seed
20250122_135747.jpg,20250122_135747,8,sample,S7,0.411922,0.60833,3,,0.6,auto-preclass seed
20250122_135747.jpg,20250122_135747,9,marker,M2,0.60833,1.0,8,,0.8,auto-preclass seed
20250130_115229.jpg,20250130_115229,1,marker,M1,0.0,0.089935,8,,0.8,auto-preclass seed
20250130_115229.jpg,20250130_115229,2,sample,S1,0.089935,0.148871,3,,0.6,auto-preclass seed
20250130_115229.jpg,20250130_115229,3,sample,S2,0.148871,0.230004,3,,0.6,auto-preclass seed
20250130_115229.jpg,20250130_115229,4,sample,S3,0.230004,0.517796,3,,0.6,auto-preclass seed
20250130_115229.jpg,20250130_115229,5,sample,S4,0.517796,0.784922,3,,0.6,auto-preclass seed
20250130_115229.jpg,20250130_115229,6,sample,S5,0.784922,0.846919,3,,0.6,auto-preclass seed
20250130_115229.jpg,20250130_115229,7,sample,S6,0.846919,0.890165,3,,0.6,auto-preclass seed
20250130_115229.jpg,20250130_115229,8,sample,S7,0.890165,0.931496,3,,0.6,auto-preclass seed
20250130_115229.jpg,20250130_115229,9,marker,M2,0.931496,1.0,8,,0.8,auto-preclass seed
20250130_115243.jpg,20250130_115243,1,marker,M1,0.0,0.070646,8,,0.8,auto-preclass seed
20250130_115243.jpg,20250130_115243,2,sample,S1,0.070646,0.121865,3,,0.6,auto-preclass seed
20250130_115243.jpg,20250130_115243,3,sample,S2,0.121865,0.160014,3,,0.6,auto-preclass seed
20250130_115243.jpg,20250130_115243,4,sample,S3,0.160014,0.198163,3,,0.6,auto-preclass seed
20250130_115243.jpg,20250130_115243,5,sample,S4,0.198163,0.235253,3,,0.6,auto-preclass seed
20250130_115243.jpg,20250130_115243,6,sample,S5,0.235253,0.272342,3,,0.6,auto-preclass seed
20250130_115243.jpg,20250130_115243,7,sample,S6,0.272342,0.32674,3,,0.6,auto-preclass seed
20250130_115243.jpg,20250130_115243,8,sample,S7,0.32674,0.394913,3,,0.6,auto-preclass seed
20250130_115243.jpg,20250130_115243,9,marker,M2,0.394913,1.0,8,,0.8,auto-preclass seed
20250130_115332.jpg,20250130_115332,1,marker,M1,0.0,0.057568,8,,0.8,auto-preclass seed
20250130_115332.jpg,20250130_115332,2,sample,S1,0.057568,0.097826,3,,0.6,auto-preclass seed
20250130_115332.jpg,20250130_115332,3,sample,S2,0.097826,0.138889,3,,0.6,auto-preclass seed
20250130_115332.jpg,20250130_115332,4,sample,S3,0.138889,0.179952,3,,0.6,auto-preclass seed
20250130_115332.jpg,20250130_115332,5,sample,S4,0.179952,0.220209,3,,0.6,auto-preclass seed
20250130_115332.jpg,20250130_115332,6,sample,S5,0.220209,0.259662,3,,0.6,auto-preclass seed
20250130_115332.jpg,20250130_115332,7,sample,S6,0.259662,0.299517,3,,0.6,auto-preclass seed
20250130_115332.jpg,20250130_115332,8,sample,S7,0.299517,0.357488,3,,0.6,auto-preclass seed
20250130_115332.jpg,20250130_115332,9,marker,M2,0.357488,1.0,8,,0.8,auto-preclass seed
20250130_115343.jpg,20250130_115343,1,marker,M1,0.0,0.129218,8,,0.8,auto-preclass seed
20250130_115343.jpg,20250130_115343,2,sample,S1,0.129218,0.173696,3,,0.6,auto-preclass seed
20250130_115343.jpg,20250130_115343,3,sample,S2,0.173696,0.218175,3,,0.6,auto-preclass seed
20250130_115343.jpg,20250130_115343,4,sample,S3,0.218175,0.256518,3,,0.6,auto-preclass seed
20250130_115343.jpg,20250130_115343,5,sample,S4,0.256518,0.295245,3,,0.6,auto-preclass seed
20250130_115343.jpg,20250130_115343,6,sample,S5,0.295245,0.337423,3,,0.6,auto-preclass seed
20250130_115343.jpg,20250130_115343,7,sample,S6,0.337423,0.379601,3,,0.6,auto-preclass seed
20250130_115343.jpg,20250130_115343,8,sample,S7,0.379601,0.421396,3,,0.6,auto-preclass seed
20250130_115343.jpg,20250130_115343,9,marker,M2,0.421396,1.0,8,,0.8,auto-preclass seed
20250131_090254.jpg,20250131_090254,1,marker,M1,0.0,0.096212,8,,0.8,auto-preclass seed
20250131_090254.jpg,20250131_090254,2,sample,S1,0.096212,0.174992,3,,0.6,auto-preclass seed
20250131_090254.jpg,20250131_090254,3,sample,S2,0.174992,0.242373,3,,0.6,auto-preclass seed
20250131_090254.jpg,20250131_090254,4,sample,S3,0.242373,0.292658,3,,0.6,auto-preclass seed
20250131_090254.jpg,20250131_090254,5,sample,S4,0.292658,0.333557,3,,0.6,auto-preclass seed
20250131_090254.jpg,20250131_090254,6,sample,S5,0.333557,0.394234,3,,0.6,auto-preclass seed
20250131_090254.jpg,20250131_090254,7,sample,S6,0.394234,0.507543,3,,0.6,auto-preclass seed
20250131_090254.jpg,20250131_090254,8,sample,S7,0.507543,0.601743,3,,0.6,auto-preclass seed
20250131_090254.jpg,20250131_090254,9,marker,M2,0.601743,1.0,8,,0.8,auto-preclass seed
20250131_090312.jpg,20250131_090312,1,marker,M1,0.0,0.062102,8,,0.8,auto-preclass seed
20250131_090312.jpg,20250131_090312,2,sample,S1,0.062102,0.117436,3,,0.6,auto-preclass seed
20250131_090312.jpg,20250131_090312,3,sample,S2,0.117436,0.190287,3,,0.6,auto-preclass seed
20250131_090312.jpg,20250131_090312,4,sample,S3,0.190287,0.253583,3,,0.6,auto-preclass seed
20250131_090312.jpg,20250131_090312,5,sample,S4,0.253583,0.314092,3,,0.6,auto-preclass seed
20250131_090312.jpg,20250131_090312,6,sample,S5,0.314092,0.367436,3,,0.6,auto-preclass seed
20250131_090312.jpg,20250131_090312,7,sample,S6,0.367436,0.67078,3,,0.6,auto-preclass seed
20250131_090312.jpg,20250131_090312,8,sample,S7,0.67078,0.97293,3,,0.6,auto-preclass seed
20250131_090312.jpg,20250131_090312,9,marker,M2,0.97293,1.0,8,,0.8,auto-preclass seed
20250131_090327.jpg,20250131_090327,1,marker,M1,0.0,0.076786,8,,0.8,auto-preclass seed
20250131_090327.jpg,20250131_090327,2,sample,S1,0.076786,0.117857,3,,0.6,auto-preclass seed
20250131_090327.jpg,20250131_090327,3,sample,S2,0.117857,0.154464,3,,0.6,auto-preclass seed
20250131_090327.jpg,20250131_090327,4,sample,S3,0.154464,0.379018,3,,0.6,auto-preclass seed
20250131_090327.jpg,20250131_090327,5,sample,S4,0.379018,0.705357,3,,0.6,auto-preclass seed
20250131_090327.jpg,20250131_090327,6,sample,S5,0.705357,0.847768,3,,0.6,auto-preclass seed
20250131_090327.jpg,20250131_090327,7,sample,S6,0.847768,0.888839,3,,0.6,auto-preclass seed
20250131_090327.jpg,20250131_090327,8,sample,S7,0.888839,0.927232,3,,0.6,auto-preclass seed
20250131_090327.jpg,20250131_090327,9,marker,M2,0.927232,1.0,8,,0.8,auto-preclass seed
20250131_090340.jpg,20250131_090340,1,marker,M1,0.0,0.06585,8,,0.8,auto-preclass seed
20250131_090340.jpg,20250131_090340,2,sample,S1,0.06585,0.114089,3,,0.6,auto-preclass seed
20250131_090340.jpg,20250131_090340,3,sample,S2,0.114089,0.154671,3,,0.6,auto-preclass seed
20250131_090340.jpg,20250131_090340,4,sample,S3,0.154671,0.198315,3,,0.6,auto-preclass seed
20250131_090340.jpg,20250131_090340,5,sample,S4,0.198315,0.239663,3,,0.6,auto-preclass seed
20250131_090340.jpg,20250131_090340,6,sample,S5,0.239663,0.277948,3,,0.6,auto-preclass seed
20250131_090340.jpg,20250131_090340,7,sample,S6,0.277948,0.316233,3,,0.6,auto-preclass seed
20250131_090340.jpg,20250131_090340,8,sample,S7,0.316233,0.355666,3,,0.6,auto-preclass seed
20250131_090340.jpg,20250131_090340,9,marker,M2,0.355666,1.0,8,,0.8,auto-preclass seed
20250131_090403.jpg,20250131_090403,1,marker,M1,0.0,0.155784,8,,0.8,auto-preclass seed
20250131_090403.jpg,20250131_090403,2,sample,S1,0.155784,0.20511,3,,0.6,auto-preclass seed
20250131_090403.jpg,20250131_090403,3,sample,S2,0.20511,0.256565,3,,0.6,auto-preclass seed
20250131_090403.jpg,20250131_090403,4,sample,S3,0.256565,0.313343,3,,0.6,auto-preclass seed
20250131_090403.jpg,20250131_090403,5,sample,S4,0.313343,0.400284,3,,0.6,auto-preclass seed
20250131_090403.jpg,20250131_090403,6,sample,S5,0.400284,0.556423,3,,0.6,auto-preclass seed
20250131_090403.jpg,20250131_090403,7,sample,S6,0.556423,0.680625,3,,0.6,auto-preclass seed
20250131_090403.jpg,20250131_090403,8,sample,S7,0.680625,0.773953,3,,0.6,auto-preclass seed
20250131_090403.jpg,20250131_090403,9,marker,M2,0.773953,1.0,8,,0.8,auto-preclass seed
20250131_090416.jpg,20250131_090416,1,marker,M1,0.0,0.16138,8,,0.8,auto-preclass seed
20250131_090416.jpg,20250131_090416,2,sample,S1,0.16138,0.202858,3,,0.6,auto-preclass seed
20250131_090416.jpg,20250131_090416,3,sample,S2,0.202858,0.24329,3,,0.6,auto-preclass seed
20250131_090416.jpg,20250131_090416,4,sample,S3,0.24329,0.305333,3,,0.6,auto-preclass seed
20250131_090416.jpg,20250131_090416,5,sample,S4,0.305333,0.463576,3,,0.6,auto-preclass seed
20250131_090416.jpg,20250131_090416,6,sample,S5,0.463576,0.678285,3,,0.6,auto-preclass seed
20250131_090416.jpg,20250131_090416,7,sample,S6,0.678285,0.795748,3,,0.6,auto-preclass seed
20250131_090416.jpg,20250131_090416,8,sample,S7,0.795748,0.855699,3,,0.6,auto-preclass seed
20250131_090416.jpg,20250131_090416,9,marker,M2,0.855699,1.0,8,,0.8,auto-preclass seed
20250131_090442.jpg,20250131_090442,1,marker,M1,0.0,0.076501,8,,0.8,auto-preclass seed
20250131_090442.jpg,20250131_090442,2,sample,S1,0.076501,0.131032,3,,0.6,auto-preclass seed
20250131_090442.jpg,20250131_090442,3,sample,S2,0.131032,0.189878,3,,0.6,auto-preclass seed
20250131_090442.jpg,20250131_090442,4,sample,S3,0.189878,0.233033,3,,0.6,auto-preclass seed
20250131_090442.jpg,20250131_090442,5,sample,S4,0.233033,0.273441,3,,0.6,auto-preclass seed
20250131_090442.jpg,20250131_090442,6,sample,S5,0.273441,0.311887,3,,0.6,auto-preclass seed
20250131_090442.jpg,20250131_090442,7,sample,S6,0.311887,0.370734,3,,0.6,auto-preclass seed
20250131_090442.jpg,20250131_090442,8,sample,S7,0.370734,0.492742,3,,0.6,auto-preclass seed
20250131_090442.jpg,20250131_090442,9,marker,M2,0.492742,1.0,8,,0.8,auto-preclass seed
20250131_151240.jpg,20250131_151240,1,marker,M1,0.0,0.11649,8,,0.8,auto-preclass seed
20250131_151240.jpg,20250131_151240,2,sample,S1,0.11649,0.169225,3,,0.6,auto-preclass seed
20250131_151240.jpg,20250131_151240,3,sample,S2,0.169225,0.354585,3,,0.6,auto-preclass seed
20250131_151240.jpg,20250131_151240,4,sample,S3,0.354585,0.540338,3,,0.6,auto-preclass seed
20250131_151240.jpg,20250131_151240,5,sample,S4,0.540338,0.687918,3,,0.6,auto-preclass seed
20250131_151240.jpg,20250131_151240,6,sample,S5,0.687918,0.837072,3,,0.6,auto-preclass seed
20250131_151240.jpg,20250131_151240,7,sample,S6,0.837072,0.878394,3,,0.6,auto-preclass seed
20250131_151240.jpg,20250131_151240,8,sample,S7,0.878394,0.918142,3,,0.6,auto-preclass seed
20250131_151240.jpg,20250131_151240,9,marker,M2,0.918142,1.0,8,,0.8,auto-preclass seed
20250131_151320.jpg,20250131_151320,1,marker,M1,0.0,0.095885,8,,0.8,auto-preclass seed
20250131_151320.jpg,20250131_151320,2,sample,S1,0.095885,0.142857,3,,0.6,auto-preclass seed
20250131_151320.jpg,20250131_151320,3,sample,S2,0.142857,0.184783,3,,0.6,auto-preclass seed
20250131_151320.jpg,20250131_151320,4,sample,S3,0.184783,0.226708,3,,0.6,auto-preclass seed
20250131_151320.jpg,20250131_151320,5,sample,S4,0.226708,0.267857,3,,0.6,auto-preclass seed
20250131_151320.jpg,20250131_151320,6,sample,S5,0.267857,0.307453,3,,0.6,auto-preclass seed
20250131_151320.jpg,20250131_151320,7,sample,S6,0.307453,0.38354,3,,0.6,auto-preclass seed
20250131_151320.jpg,20250131_151320,8,sample,S7,0.38354,0.475543,3,,0.6,auto-preclass seed
20250131_151320.jpg,20250131_151320,9,marker,M2,0.475543,1.0,8,,0.8,auto-preclass seed
20250204_110157.jpg,20250204_110157,1,marker,M1,0.0,0.147669,8,,0.8,auto-preclass seed
20250204_110157.jpg,20250204_110157,2,sample,S1,0.147669,0.226792,3,,0.6,auto-preclass seed
20250204_110157.jpg,20250204_110157,3,sample,S2,0.226792,0.301998,3,,0.6,auto-preclass seed
20250204_110157.jpg,20250204_110157,4,sample,S3,0.301998,0.377595,3,,0.6,auto-preclass seed
20250204_110157.jpg,20250204_110157,5,sample,S4,0.377595,0.454759,3,,0.6,auto-preclass seed
20250204_110157.jpg,20250204_110157,6,sample,S5,0.454759,0.53819,3,,0.6,auto-preclass seed
20250204_110157.jpg,20250204_110157,7,sample,S6,0.53819,0.622797,3,,0.6,auto-preclass seed
20250204_110157.jpg,20250204_110157,8,sample,S7,0.622797,0.706228,3,,0.6,auto-preclass seed
20250204_110157.jpg,20250204_110157,9,marker,M2,0.706228,1.0,8,,0.8,auto-preclass seed
20250204_110213.jpg,20250204_110213,1,marker,M1,0.0,0.12397,8,,0.8,auto-preclass seed
20250204_110213.jpg,20250204_110213,2,sample,S1,0.12397,0.192339,3,,0.6,auto-preclass seed
20250204_110213.jpg,20250204_110213,3,sample,S2,0.192339,0.251236,3,,0.6,auto-preclass seed
20250204_110213.jpg,20250204_110213,4,sample,S3,0.251236,0.297776,3,,0.6,auto-preclass seed
20250204_110213.jpg,20250204_110213,5,sample,S4,0.297776,0.352142,3,,0.6,auto-preclass seed
20250204_110213.jpg,20250204_110213,6,sample,S5,0.352142,0.410626,3,,0.6,auto-preclass seed
20250204_110213.jpg,20250204_110213,7,sample,S6,0.410626,0.483937,3,,0.6,auto-preclass seed
20250204_110213.jpg,20250204_110213,8,sample,S7,0.483937,0.603377,3,,0.6,auto-preclass seed
20250204_110213.jpg,20250204_110213,9,marker,M2,0.603377,1.0,8,,0.8,auto-preclass seed
20250204_110224.jpg,20250204_110224,1,marker,M1,0.0,0.121225,8,,0.8,auto-preclass seed
20250204_110224.jpg,20250204_110224,2,sample,S1,0.121225,0.200604,3,,0.6,auto-preclass seed
20250204_110224.jpg,20250204_110224,3,sample,S2,0.200604,0.287748,3,,0.6,auto-preclass seed
20250204_110224.jpg,20250204_110224,4,sample,S3,0.287748,0.367558,3,,0.6,auto-preclass seed
20250204_110224.jpg,20250204_110224,5,sample,S4,0.367558,0.443486,3,,0.6,auto-preclass seed
20250204_110224.jpg,20250204_110224,6,sample,S5,0.443486,0.519845,3,,0.6,auto-preclass seed
20250204_110224.jpg,20250204_110224,7,sample,S6,0.519845,0.607852,3,,0.6,auto-preclass seed
20250204_110224.jpg,20250204_110224,8,sample,S7,0.607852,0.698016,3,,0.6,auto-preclass seed
20250204_110224.jpg,20250204_110224,9,marker,M2,0.698016,1.0,8,,0.8,auto-preclass seed
20250204_110254.jpg,20250204_110254,1,marker,M1,0.0,0.175094,8,,0.8,auto-preclass seed
20250204_110254.jpg,20250204_110254,2,sample,S1,0.175094,0.263686,3,,0.6,auto-preclass seed
20250204_110254.jpg,20250204_110254,3,sample,S2,0.263686,0.342248,3,,0.6,auto-preclass seed
20250204_110254.jpg,20250204_110254,4,sample,S3,0.342248,0.554534,3,,0.6,auto-preclass seed
20250204_110254.jpg,20250204_110254,5,sample,S4,0.554534,0.725031,3,,0.6,auto-preclass seed
20250204_110254.jpg,20250204_110254,6,sample,S5,0.725031,0.765984,3,,0.6,auto-preclass seed
20250204_110254.jpg,20250204_110254,7,sample,S6,0.765984,0.807355,3,,0.6,auto-preclass seed
20250204_110254.jpg,20250204_110254,8,sample,S7,0.807355,0.849143,3,,0.6,auto-preclass seed
20250204_110254.jpg,20250204_110254,9,marker,M2,0.849143,1.0,8,,0.8,auto-preclass seed
20250204_110312.jpg,20250204_110312,1,marker,M1,0.0,0.139595,8,,0.8,auto-preclass seed
20250204_110312.jpg,20250204_110312,2,sample,S1,0.139595,0.336924,3,,0.6,auto-preclass seed
20250204_110312.jpg,20250204_110312,3,sample,S2,0.336924,0.539854,3,,0.6,auto-preclass seed
20250204_110312.jpg,20250204_110312,4,sample,S3,0.539854,0.623438,3,,0.6,auto-preclass seed
20250204_110312.jpg,20250204_110312,5,sample,S4,0.623438,0.699698,3,,0.6,auto-preclass seed
20250204_110312.jpg,20250204_110312,6,sample,S5,0.699698,0.757863,3,,0.6,auto-preclass seed
20250204_110312.jpg,20250204_110312,7,sample,S6,0.757863,0.797501,3,,0.6,auto-preclass seed
20250204_110312.jpg,20250204_110312,8,sample,S7,0.797501,0.834123,3,,0.6,auto-preclass seed
20250204_110312.jpg,20250204_110312,9,marker,M2,0.834123,1.0,8,,0.8,auto-preclass seed
20250204_110447.jpg,20250204_110447,1,marker,M1,0.0,0.099285,8,,0.8,auto-preclass seed
20250204_110447.jpg,20250204_110447,2,sample,S1,0.099285,0.259571,3,,0.6,auto-preclass seed
20250204_110447.jpg,20250204_110447,3,sample,S2,0.259571,0.427009,3,,0.6,auto-preclass seed
20250204_110447.jpg,20250204_110447,4,sample,S3,0.427009,0.505259,3,,0.6,auto-preclass seed
20250204_110447.jpg,20250204_110447,5,sample,S4,0.505259,0.582247,3,,0.6,auto-preclass seed
20250204_110447.jpg,20250204_110447,6,sample,S5,0.582247,0.658393,3,,0.6,auto-preclass seed
20250204_110447.jpg,20250204_110447,7,sample,S6,0.658393,0.72865,3,,0.6,auto-preclass seed
20250204_110447.jpg,20250204_110447,8,sample,S7,0.72865,0.765671,3,,0.6,auto-preclass seed
20250204_110447.jpg,20250204_110447,9,marker,M2,0.765671,1.0,8,,0.8,auto-preclass seed
20250204_142948.jpg,20250204_142948,1,marker,M1,0.0,0.292953,8,,0.8,auto-preclass seed
20250204_142948.jpg,20250204_142948,2,sample,S1,0.292953,0.554236,3,,0.6,auto-preclass seed
20250204_142948.jpg,20250204_142948,3,sample,S2,0.554236,0.631829,3,,0.6,auto-preclass seed
20250204_142948.jpg,20250204_142948,4,sample,S3,0.631829,0.720111,3,,0.6,auto-preclass seed
20250204_142948.jpg,20250204_142948,5,sample,S4,0.720111,0.79612,3,,0.6,auto-preclass seed
20250204_142948.jpg,20250204_142948,6,sample,S5,0.79612,0.843626,3,,0.6,auto-preclass seed
20250204_142948.jpg,20250204_142948,7,sample,S6,0.843626,0.882027,3,,0.6,auto-preclass seed
20250204_142948.jpg,20250204_142948,8,sample,S7,0.882027,0.91924,3,,0.6,auto-preclass seed
20250204_142948.jpg,20250204_142948,9,marker,M2,0.91924,1.0,8,,0.8,auto-preclass seed
20250204_143037.jpg,20250204_143037,1,marker,M1,0.0,0.070145,8,,0.8,auto-preclass seed
20250204_143037.jpg,20250204_143037,2,sample,S1,0.070145,0.126123,3,,0.6,auto-preclass seed
20250204_143037.jpg,20250204_143037,3,sample,S2,0.126123,0.202833,3,,0.6,auto-preclass seed
20250204_143037.jpg,20250204_143037,4,sample,S3,0.202833,0.316171,3,,0.6,auto-preclass seed
20250204_143037.jpg,20250204_143037,5,sample,S4,0.316171,0.429164,3,,0.6,auto-preclass seed
20250204_143037.jpg,20250204_143037,6,sample,S5,0.429164,0.505183,3,,0.6,auto-preclass seed
20250204_143037.jpg,20250204_143037,7,sample,S6,0.505183,0.580166,3,,0.6,auto-preclass seed
20250204_143037.jpg,20250204_143037,8,sample,S7,0.580166,0.654803,3,,0.6,auto-preclass seed
20250204_143037.jpg,20250204_143037,9,marker,M2,0.654803,1.0,8,,0.8,auto-preclass seed
20250206_142227.jpg,20250206_142227,1,marker,M1,0.0,0.053013,8,,0.8,auto-preclass seed
20250206_142227.jpg,20250206_142227,2,sample,S1,0.053013,0.093339,3,,0.6,auto-preclass seed
20250206_142227.jpg,20250206_142227,3,sample,S2,0.093339,0.267784,3,,0.6,auto-preclass seed
20250206_142227.jpg,20250206_142227,4,sample,S3,0.267784,0.451744,3,,0.6,auto-preclass seed
20250206_142227.jpg,20250206_142227,5,sample,S4,0.451744,0.642954,3,,0.6,auto-preclass seed
20250206_142227.jpg,20250206_142227,6,sample,S5,0.642954,0.825555,3,,0.6,auto-preclass seed
20250206_142227.jpg,20250206_142227,7,sample,S6,0.825555,0.867241,3,,0.6,auto-preclass seed
20250206_142227.jpg,20250206_142227,8,sample,S7,0.867241,0.90802,3,,0.6,auto-preclass seed
20250206_142227.jpg,20250206_142227,9,marker,M2,0.90802,1.0,8,,0.8,auto-preclass seed
20250206_142304.jpg,20250206_142304,1,marker,M1,0.0,0.059274,8,,0.8,auto-preclass seed
20250206_142304.jpg,20250206_142304,2,sample,S1,0.059274,0.109274,3,,0.6,auto-preclass seed
20250206_142304.jpg,20250206_142304,3,sample,S2,0.109274,0.158065,3,,0.6,auto-preclass seed
20250206_142304.jpg,20250206_142304,4,sample,S3,0.158065,0.214919,3,,0.6,auto-preclass seed
20250206_142304.jpg,20250206_142304,5,sample,S4,0.214919,0.259274,3,,0.6,auto-preclass seed
20250206_142304.jpg,20250206_142304,6,sample,S5,0.259274,0.308468,3,,0.6,auto-preclass seed
20250206_142304.jpg,20250206_142304,7,sample,S6,0.308468,0.365726,3,,0.6,auto-preclass seed
20250206_142304.jpg,20250206_142304,8,sample,S7,0.365726,0.412903,3,,0.6,auto-preclass seed
20250206_142304.jpg,20250206_142304,9,marker,M2,0.412903,1.0,8,,0.8,auto-preclass seed
20250207_091234.jpg,20250207_091234,1,marker,M1,0.0,0.085901,8,,0.8,auto-preclass seed
20250207_091234.jpg,20250207_091234,2,sample,S1,0.085901,0.123872,3,,0.6,auto-preclass seed
20250207_091234.jpg,20250207_091234,3,sample,S2,0.123872,0.177093,3,,0.6,auto-preclass seed
20250207_091234.jpg,20250207_091234,4,sample,S3,0.177093,0.229381,3,,0.6,auto-preclass seed
20250207_091234.jpg,20250207_091234,5,sample,S4,0.229381,0.269219,3,,0.6,auto-preclass seed
20250207_091234.jpg,20250207_091234,6,sample,S5,0.269219,0.318705,3,,0.6,auto-preclass seed
20250207_091234.jpg,20250207_091234,7,sample,S6,0.318705,0.383442,3,,0.6,auto-preclass seed
20250207_091234.jpg,20250207_091234,8,sample,S7,0.383442,0.53408,3,,0.6,auto-preclass seed
20250207_091234.jpg,20250207_091234,9,marker,M2,0.53408,1.0,8,,0.8,auto-preclass seed
20250207_091258.jpg,20250207_091258,1,marker,M1,0.0,0.121792,8,,0.8,auto-preclass seed
20250207_091258.jpg,20250207_091258,2,sample,S1,0.121792,0.158765,3,,0.6,auto-preclass seed
20250207_091258.jpg,20250207_091258,3,sample,S2,0.158765,0.364071,3,,0.6,auto-preclass seed
20250207_091258.jpg,20250207_091258,4,sample,S3,0.364071,0.584167,3,,0.6,auto-preclass seed
20250207_091258.jpg,20250207_091258,5,sample,S4,0.584167,0.719443,3,,0.6,auto-preclass seed
20250207_091258.jpg,20250207_091258,6,sample,S5,0.719443,0.83993,3,,0.6,auto-preclass seed
20250207_091258.jpg,20250207_091258,7,sample,S6,0.83993,0.878643,3,,0.6,auto-preclass seed
20250207_091258.jpg,20250207_091258,8,sample,S7,0.878643,0.917355,3,,0.6,auto-preclass seed
20250207_091258.jpg,20250207_091258,9,marker,M2,0.917355,1.0,8,,0.8,auto-preclass seed
20250305_094100.jpg,20250305_094100,1,marker,M1,0.0,0.110868,8,,0.8,auto-preclass seed
20250305_094100.jpg,20250305_094100,2,sample,S1,0.110868,0.324959,3,,0.6,auto-preclass seed
20250305_094100.jpg,20250305_094100,3,sample,S2,0.324959,0.554888,3,,0.6,auto-preclass seed
20250305_094100.jpg,20250305_094100,4,sample,S3,0.554888,0.646641,3,,0.6,auto-preclass seed
20250305_094100.jpg,20250305_094100,5,sample,S4,0.646641,0.72201,3,,0.6,auto-preclass seed
20250305_094100.jpg,20250305_094100,6,sample,S5,0.72201,0.773348,3,,0.6,auto-preclass seed
20250305_094100.jpg,20250305_094100,7,sample,S6,0.773348,0.82414,3,,0.6,auto-preclass seed
20250305_094100.jpg,20250305_094100,8,sample,S7,0.82414,0.872747,3,,0.6,auto-preclass seed
20250305_094100.jpg,20250305_094100,9,marker,M2,0.872747,1.0,8,,0.8,auto-preclass seed
20250305_094149.jpg,20250305_094149,1,marker,M1,0.0,0.139834,8,,0.8,auto-preclass seed
20250305_094149.jpg,20250305_094149,2,sample,S1,0.139834,0.335601,3,,0.6,auto-preclass seed
20250305_094149.jpg,20250305_094149,3,sample,S2,0.335601,0.538171,3,,0.6,auto-preclass seed
20250305_094149.jpg,20250305_094149,4,sample,S3,0.538171,0.585034,3,,0.6,auto-preclass seed
20250305_094149.jpg,20250305_094149,5,sample,S4,0.585034,0.6387,3,,0.6,auto-preclass seed
20250305_094149.jpg,20250305_094149,6,sample,S5,0.6387,0.70446,3,,0.6,auto-preclass seed
20250305_094149.jpg,20250305_094149,7,sample,S6,0.70446,0.809524,3,,0.6,auto-preclass seed
20250305_094149.jpg,20250305_094149,8,sample,S7,0.809524,0.90325,3,,0.6,auto-preclass seed
20250305_094149.jpg,20250305_094149,9,marker,M2,0.90325,1.0,8,,0.8,auto-preclass seed
20250305_094232.jpg,20250305_094232,1,marker,M1,0.0,0.100935,8,,0.8,auto-preclass seed
20250305_094232.jpg,20250305_094232,2,sample,S1,0.100935,0.137695,3,,0.6,auto-preclass seed
20250305_094232.jpg,20250305_094232,3,sample,S2,0.137695,0.366355,3,,0.6,auto-preclass seed
20250305_094232.jpg,20250305_094232,4,sample,S3,0.366355,0.683489,3,,0.6,auto-preclass seed
20250305_094232.jpg,20250305_094232,5,sample,S4,0.683489,0.818692,3,,0.6,auto-preclass seed
20250305_094232.jpg,20250305_094232,6,sample,S5,0.818692,0.866044,3,,0.6,auto-preclass seed
20250305_094232.jpg,20250305_094232,7,sample,S6,0.866044,0.91215,3,,0.6,auto-preclass seed
20250305_094232.jpg,20250305_094232,8,sample,S7,0.91215,0.957632,3,,0.6,auto-preclass seed
20250305_094232.jpg,20250305_094232,9,marker,M2,0.957632,1.0,8,,0.8,auto-preclass seed
20250407_124429.jpg,20250407_124429,1,marker,M1,0.0,0.34996,8,,0.8,auto-preclass seed
20250407_124429.jpg,20250407_124429,2,sample,S1,0.34996,0.660415,3,,0.6,auto-preclass seed
20250407_124429.jpg,20250407_124429,3,sample,S2,0.660415,0.698324,3,,0.6,auto-preclass seed
20250407_124429.jpg,20250407_124429,4,sample,S3,0.698324,0.736632,3,,0.6,auto-preclass seed
20250407_124429.jpg,20250407_124429,5,sample,S4,0.736632,0.777733,3,,0.6,auto-preclass seed
20250407_124429.jpg,20250407_124429,6,sample,S5,0.777733,0.830407,3,,0.6,auto-preclass seed
20250407_124429.jpg,20250407_124429,7,sample,S6,0.830407,0.884278,3,,0.6,auto-preclass seed
20250407_124429.jpg,20250407_124429,8,sample,S7,0.884278,0.931764,3,,0.6,auto-preclass seed
20250407_124429.jpg,20250407_124429,9,marker,M2,0.931764,1.0,8,,0.8,auto-preclass seed
20250407_124507.jpg,20250407_124507,1,marker,M1,0.0,0.085703,8,,0.8,auto-preclass seed
20250407_124507.jpg,20250407_124507,2,sample,S1,0.085703,0.413713,3,,0.6,auto-preclass seed
20250407_124507.jpg,20250407_124507,3,sample,S2,0.413713,0.742111,3,,0.6,auto-preclass seed
20250407_124507.jpg,20250407_124507,4,sample,S3,0.742111,0.783405,3,,0.6,auto-preclass seed
20250407_124507.jpg,20250407_124507,5,sample,S4,0.783405,0.824698,3,,0.6,auto-preclass seed
20250407_124507.jpg,20250407_124507,6,sample,S5,0.824698,0.864433,3,,0.6,auto-preclass seed
20250407_124507.jpg,20250407_124507,7,sample,S6,0.864433,0.904168,3,,0.6,auto-preclass seed
20250407_124507.jpg,20250407_124507,8,sample,S7,0.904168,0.941956,3,,0.6,auto-preclass seed
20250407_124507.jpg,20250407_124507,9,marker,M2,0.941956,1.0,8,,0.8,auto-preclass seed
20250407_124606.jpg,20250407_124606,1,marker,M1,0.0,0.067012,8,,0.8,auto-preclass seed
20250407_124606.jpg,20250407_124606,2,sample,S1,0.067012,0.38572,3,,0.6,auto-preclass seed
20250407_124606.jpg,20250407_124606,3,sample,S2,0.38572,0.704826,3,,0.6,auto-preclass seed
20250407_124606.jpg,20250407_124606,4,sample,S3,0.704826,0.753091,3,,0.6,auto-preclass seed
20250407_124606.jpg,20250407_124606,5,sample,S4,0.753091,0.810132,3,,0.6,auto-preclass seed
20250407_124606.jpg,20250407_124606,6,sample,S5,0.810132,0.856003,3,,0.6,auto-preclass seed
20250407_124606.jpg,20250407_124606,7,sample,S6,0.856003,0.893099,3,,0.6,auto-preclass seed
20250407_124606.jpg,20250407_124606,8,sample,S7,0.893099,0.931791,3,,0.6,auto-preclass seed
20250407_124606.jpg,20250407_124606,9,marker,M2,0.931791,1.0,8,,0.8,auto-preclass seed
20250407_124643.jpg,20250407_124643,1,marker,M1,0.0,0.098289,8,,0.8,auto-preclass seed
20250407_124643.jpg,20250407_124643,2,sample,S1,0.098289,0.3917,3,,0.6,auto-preclass seed
20250407_124643.jpg,20250407_124643,3,sample,S2,0.3917,0.686931,3,,0.6,auto-preclass seed
20250407_124643.jpg,20250407_124643,4,sample,S3,0.686931,0.742264,3,,0.6,auto-preclass seed
20250407_124643.jpg,20250407_124643,5,sample,S4,0.742264,0.798689,3,,0.6,auto-preclass seed
20250407_124643.jpg,20250407_124643,6,sample,S5,0.798689,0.840917,3,,0.6,auto-preclass seed
20250407_124643.jpg,20250407_124643,7,sample,S6,0.840917,0.883509,3,,0.6,auto-preclass seed
20250407_124643.jpg,20250407_124643,8,sample,S7,0.883509,0.925737,3,,0.6,auto-preclass seed
20250407_124643.jpg,20250407_124643,9,marker,M2,0.925737,1.0,8,,0.8,auto-preclass seed
20250407_124740.jpg,20250407_124740,1,marker,M1,0.0,0.066747,8,,0.8,auto-preclass seed
20250407_124740.jpg,20250407_124740,2,sample,S1,0.066747,0.103739,3,,0.6,auto-preclass seed
20250407_124740.jpg,20250407_124740,3,sample,S2,0.103739,0.140732,3,,0.6,auto-preclass seed
20250407_124740.jpg,20250407_124740,4,sample,S3,0.140732,0.23844,3,,0.6,auto-preclass seed
20250407_124740.jpg,20250407_124740,5,sample,S4,0.23844,0.395657,3,,0.6,auto-preclass seed
20250407_124740.jpg,20250407_124740,6,sample,S5,0.395657,0.538802,3,,0.6,auto-preclass seed
20250407_124740.jpg,20250407_124740,7,sample,S6,0.538802,0.622839,3,,0.6,auto-preclass seed
20250407_124740.jpg,20250407_124740,8,sample,S7,0.622839,0.671492,3,,0.6,auto-preclass seed
20250407_124740.jpg,20250407_124740,9,marker,M2,0.671492,1.0,8,,0.8,auto-preclass seed
20250407_124825.jpg,20250407_124825,1,marker,M1,0.0,0.069749,8,,0.8,auto-preclass seed
20250407_124825.jpg,20250407_124825,2,sample,S1,0.069749,0.106583,3,,0.6,auto-preclass seed
20250407_124825.jpg,20250407_124825,3,sample,S2,0.106583,0.143417,3,,0.6,auto-preclass seed
20250407_124825.jpg,20250407_124825,4,sample,S3,0.143417,0.225705,3,,0.6,auto-preclass seed
20250407_124825.jpg,20250407_124825,5,sample,S4,0.225705,0.474922,3,,0.6,auto-preclass seed
20250407_124825.jpg,20250407_124825,6,sample,S5,0.474922,0.700235,3,,0.6,auto-preclass seed
20250407_124825.jpg,20250407_124825,7,sample,S6,0.700235,0.833072,3,,0.6,auto-preclass seed
20250407_124825.jpg,20250407_124825,8,sample,S7,0.833072,0.947884,3,,0.6,auto-preclass seed
20250407_124825.jpg,20250407_124825,9,marker,M2,0.947884,1.0,8,,0.8,auto-preclass seed
20250417_160543.jpg,20250417_160543,1,marker,M1,0.0,0.029006,8,,0.8,auto-preclass seed
20250417_160543.jpg,20250417_160543,2,sample,S1,0.029006,0.065953,3,,0.6,auto-preclass seed
20250417_160543.jpg,20250417_160543,3,sample,S2,0.065953,0.190262,3,,0.6,auto-preclass seed
20250417_160543.jpg,20250417_160543,4,sample,S3,0.190262,0.530387,3,,0.6,auto-preclass seed
20250417_160543.jpg,20250417_160543,5,sample,S4,0.530387,0.784185,3,,0.6,auto-preclass seed
20250417_160543.jpg,20250417_160543,6,sample,S5,0.784185,0.828729,3,,0.6,auto-preclass seed
20250417_160543.jpg,20250417_160543,7,sample,S6,0.828729,0.883978,3,,0.6,auto-preclass seed
20250417_160543.jpg,20250417_160543,8,sample,S7,0.883978,0.935083,3,,0.6,auto-preclass seed
20250417_160543.jpg,20250417_160543,9,marker,M2,0.935083,1.0,8,,0.8,auto-preclass seed
20250417_160620.jpg,20250417_160620,1,marker,M1,0.0,0.077095,8,,0.8,auto-preclass seed
20250417_160620.jpg,20250417_160620,2,sample,S1,0.077095,0.122013,3,,0.6,auto-preclass seed
20250417_160620.jpg,20250417_160620,3,sample,S2,0.122013,0.22778,3,,0.6,auto-preclass seed
20250417_160620.jpg,20250417_160620,4,sample,S3,0.22778,0.533928,3,,0.6,auto-preclass seed
20250417_160620.jpg,20250417_160620,5,sample,S4,0.533928,0.783052,3,,0.6,auto-preclass seed
20250417_160620.jpg,20250417_160620,6,sample,S5,0.783052,0.827971,3,,0.6,auto-preclass seed
20250417_160620.jpg,20250417_160620,7,sample,S6,0.827971,0.881491,3,,0.6,auto-preclass seed
20250417_160620.jpg,20250417_160620,8,sample,S7,0.881491,0.93533,3,,0.6,auto-preclass seed
20250417_160620.jpg,20250417_160620,9,marker,M2,0.93533,1.0,8,,0.8,auto-preclass seed
20250417_160800.jpg,20250417_160800,1,marker,M1,0.0,0.071429,8,,0.8,auto-preclass seed
20250417_160800.jpg,20250417_160800,2,sample,S1,0.071429,0.108362,3,,0.6,auto-preclass seed
20250417_160800.jpg,20250417_160800,3,sample,S2,0.108362,0.145296,3,,0.6,auto-preclass seed
20250417_160800.jpg,20250417_160800,4,sample,S3,0.145296,0.185366,3,,0.6,auto-preclass seed
20250417_160800.jpg,20250417_160800,5,sample,S4,0.185366,0.244948,3,,0.6,auto-preclass seed
20250417_160800.jpg,20250417_160800,6,sample,S5,0.244948,0.301742,3,,0.6,auto-preclass seed
20250417_160800.jpg,20250417_160800,7,sample,S6,0.301742,0.386063,3,,0.6,auto-preclass seed
20250417_160800.jpg,20250417_160800,8,sample,S7,0.386063,0.484321,3,,0.6,auto-preclass seed
20250417_160800.jpg,20250417_160800,9,marker,M2,0.484321,1.0,8,,0.8,auto-preclass seed
20250417_160840.jpg,20250417_160840,1,marker,M1,0.0,0.075015,8,,0.8,auto-preclass seed
20250417_160840.jpg,20250417_160840,2,sample,S1,0.075015,0.119177,3,,0.6,auto-preclass seed
20250417_160840.jpg,20250417_160840,3,sample,S2,0.119177,0.173624,3,,0.6,auto-preclass seed
20250417_160840.jpg,20250417_160840,4,sample,S3,0.173624,0.236842,3,,0.6,auto-preclass seed
20250417_160840.jpg,20250417_160840,5,sample,S4,0.236842,0.282517,3,,0.6,auto-preclass seed
20250417_160840.jpg,20250417_160840,6,sample,S5,0.282517,0.540835,3,,0.6,auto-preclass seed
20250417_160840.jpg,20250417_160840,7,sample,S6,0.540835,0.811555,3,,0.6,auto-preclass seed
20250417_160840.jpg,20250417_160840,8,sample,S7,0.811555,0.875681,3,,0.6,auto-preclass seed
20250417_160840.jpg,20250417_160840,9,marker,M2,0.875681,1.0,8,,0.8,auto-preclass seed
20250417_160953.jpg,20250417_160953,1,marker,M1,0.0,0.080498,8,,0.8,auto-preclass seed
20250417_160953.jpg,20250417_160953,2,sample,S1,0.080498,0.122114,3,,0.6,auto-preclass seed
20250417_160953.jpg,20250417_160953,3,sample,S2,0.122114,0.174666,3,,0.6,auto-preclass seed
20250417_160953.jpg,20250417_160953,4,sample,S3,0.174666,0.293135,3,,0.6,auto-preclass seed
20250417_160953.jpg,20250417_160953,5,sample,S4,0.293135,0.417375,3,,0.6,auto-preclass seed
20250417_160953.jpg,20250417_160953,6,sample,S5,0.417375,0.656744,3,,0.6,auto-preclass seed
20250417_160953.jpg,20250417_160953,7,sample,S6,0.656744,0.882442,3,,0.6,auto-preclass seed
20250417_160953.jpg,20250417_160953,8,sample,S7,0.882442,0.931652,3,,0.6,auto-preclass seed
20250417_160953.jpg,20250417_160953,9,marker,M2,0.931652,1.0,8,,0.8,auto-preclass seed
20250417_161043.jpg,20250417_161043,1,marker,M1,0.0,0.087246,8,,0.8,auto-preclass seed
20250417_161043.jpg,20250417_161043,2,sample,S1,0.087246,0.13198,3,,0.6,auto-preclass seed
20250417_161043.jpg,20250417_161043,3,sample,S2,0.13198,0.261421,3,,0.6,auto-preclass seed
20250417_161043.jpg,20250417_161043,4,sample,S3,0.261421,0.390863,3,,0.6,auto-preclass seed
20250417_161043.jpg,20250417_161043,5,sample,S4,0.390863,0.431155,3,,0.6,auto-preclass seed
20250417_161043.jpg,20250417_161043,6,sample,S5,0.431155,0.471764,3,,0.6,auto-preclass seed
20250417_161043.jpg,20250417_161043,7,sample,S6,0.471764,0.512373,3,,0.6,auto-preclass seed
20250417_161043.jpg,20250417_161043,8,sample,S7,0.512373,0.552982,3,,0.6,auto-preclass seed
20250417_161043.jpg,20250417_161043,9,marker,M2,0.552982,1.0,8,,0.8,auto-preclass seed
20250430_163525.jpg,20250430_163525,1,marker,M1,0.0,0.141258,8,,0.8,auto-preclass seed
20250430_163525.jpg,20250430_163525,2,sample,S1,0.141258,0.255114,3,,0.6,auto-preclass seed
20250430_163525.jpg,20250430_163525,3,sample,S2,0.255114,0.331146,3,,0.6,auto-preclass seed
20250430_163525.jpg,20250430_163525,4,sample,S3,0.331146,0.406407,3,,0.6,auto-preclass seed
20250430_163525.jpg,20250430_163525,5,sample,S4,0.406407,0.534157,3,,0.6,auto-preclass seed
20250430_163525.jpg,20250430_163525,6,sample,S5,0.534157,0.642223,3,,0.6,auto-preclass seed
20250430_163525.jpg,20250430_163525,7,sample,S6,0.642223,0.686607,3,,0.6,auto-preclass seed
20250430_163525.jpg,20250430_163525,8,sample,S7,0.686607,0.749518,3,,0.6,auto-preclass seed
20250430_163525.jpg,20250430_163525,9,marker,M2,0.749518,1.0,8,,0.8,auto-preclass seed
20250430_163619.jpg,20250430_163619,1,marker,M1,0.0,0.043403,8,,0.8,auto-preclass seed
20250430_163619.jpg,20250430_163619,2,sample,S1,0.043403,0.102865,3,,0.6,auto-preclass seed
20250430_163619.jpg,20250430_163619,3,sample,S2,0.102865,0.19184,3,,0.6,auto-preclass seed
20250430_163619.jpg,20250430_163619,4,sample,S3,0.19184,0.302083,3,,0.6,auto-preclass seed
20250430_163619.jpg,20250430_163619,5,sample,S4,0.302083,0.482205,3,,0.6,auto-preclass seed
20250430_163619.jpg,20250430_163619,6,sample,S5,0.482205,0.64974,3,,0.6,auto-preclass seed
20250430_163619.jpg,20250430_163619,7,sample,S6,0.64974,0.695312,3,,0.6,auto-preclass seed
20250430_163619.jpg,20250430_163619,8,sample,S7,0.695312,0.750434,3,,0.6,auto-preclass seed
20250430_163619.jpg,20250430_163619,9,marker,M2,0.750434,1.0,8,,0.8,auto-preclass seed
20250430_163652.jpg,20250430_163652,1,marker,M1,0.0,0.16129,8,,0.8,auto-preclass seed
20250430_163652.jpg,20250430_163652,2,sample,S1,0.16129,0.335484,3,,0.6,auto-preclass seed
20250430_163652.jpg,20250430_163652,3,sample,S2,0.335484,0.506048,3,,0.6,auto-preclass seed
20250430_163652.jpg,20250430_163652,4,sample,S3,0.506048,0.606452,3,,0.6,auto-preclass seed
20250430_163652.jpg,20250430_163652,5,sample,S4,0.606452,0.650806,3,,0.6,auto-preclass seed
20250430_163652.jpg,20250430_163652,6,sample,S5,0.650806,0.694758,3,,0.6,auto-preclass seed
20250430_163652.jpg,20250430_163652,7,sample,S6,0.694758,0.736694,3,,0.6,auto-preclass seed
20250430_163652.jpg,20250430_163652,8,sample,S7,0.736694,0.779435,3,,0.6,auto-preclass seed
20250430_163652.jpg,20250430_163652,9,marker,M2,0.779435,1.0,8,,0.8,auto-preclass seed
20250501_130921.jpg,20250501_130921,1,marker,M1,0.0,0.308793,8,,0.8,auto-preclass seed
20250501_130921.jpg,20250501_130921,2,sample,S1,0.308793,0.524029,3,,0.6,auto-preclass seed
20250501_130921.jpg,20250501_130921,3,sample,S2,0.524029,0.636503,3,,0.6,auto-preclass seed
20250501_130921.jpg,20250501_130921,4,sample,S3,0.636503,0.726483,3,,0.6,auto-preclass seed
20250501_130921.jpg,20250501_130921,5,sample,S4,0.726483,0.773517,3,,0.6,auto-preclass seed
20250501_130921.jpg,20250501_130921,6,sample,S5,0.773517,0.813906,3,,0.6,auto-preclass seed
20250501_130921.jpg,20250501_130921,7,sample,S6,0.813906,0.869632,3,,0.6,auto-preclass seed
20250501_130921.jpg,20250501_130921,8,sample,S7,0.869632,0.925869,3,,0.6,auto-preclass seed
20250501_130921.jpg,20250501_130921,9,marker,M2,0.925869,1.0,8,,0.8,auto-preclass seed
20250501_130932.jpg,20250501_130932,1,marker,M1,0.0,0.046185,8,,0.8,auto-preclass seed
20250501_130932.jpg,20250501_130932,2,sample,S1,0.046185,0.132028,3,,0.6,auto-preclass seed
20250501_130932.jpg,20250501_130932,3,sample,S2,0.132028,0.432731,3,,0.6,auto-preclass seed
20250501_130932.jpg,20250501_130932,4,sample,S3,0.432731,0.72992,3,,0.6,auto-preclass seed
20250501_130932.jpg,20250501_130932,5,sample,S4,0.72992,0.790161,3,,0.6,auto-preclass seed
20250501_130932.jpg,20250501_130932,6,sample,S5,0.790161,0.834337,3,,0.6,auto-preclass seed
20250501_130932.jpg,20250501_130932,7,sample,S6,0.834337,0.875502,3,,0.6,auto-preclass seed
20250501_130932.jpg,20250501_130932,8,sample,S7,0.875502,0.912651,3,,0.6,auto-preclass seed
20250501_130932.jpg,20250501_130932,9,marker,M2,0.912651,1.0,8,,0.8,auto-preclass seed
20250501_165542.jpg,20250501_165542,1,marker,M1,0.0,0.147533,8,,0.8,auto-preclass seed
20250501_165542.jpg,20250501_165542,2,sample,S1,0.147533,0.22723,3,,0.6,auto-preclass seed
20250501_165542.jpg,20250501_165542,3,sample,S2,0.22723,0.271822,3,,0.6,auto-preclass seed
20250501_165542.jpg,20250501_165542,4,sample,S3,0.271822,0.330171,3,,0.6,auto-preclass seed
20250501_165542.jpg,20250501_165542,5,sample,S4,0.330171,0.462524,3,,0.6,auto-preclass seed
20250501_165542.jpg,20250501_165542,6,sample,S5,0.462524,0.58871,3,,0.6,auto-preclass seed
20250501_165542.jpg,20250501_165542,7,sample,S6,0.58871,0.635674,3,,0.6,auto-preclass seed
20250501_165542.jpg,20250501_165542,8,sample,S7,0.635674,0.696395,3,,0.6,auto-preclass seed
20250501_165542.jpg,20250501_165542,9,marker,M2,0.696395,1.0,8,,0.8,auto-preclass seed
20250528_100242.jpg,20250528_100242,1,marker,M1,0.0,0.058573,8,,0.8,auto-preclass seed
20250528_100242.jpg,20250528_100242,2,sample,S1,0.058573,0.28967,3,,0.6,auto-preclass seed
20250528_100242.jpg,20250528_100242,3,sample,S2,0.28967,0.530884,3,,0.6,auto-preclass seed
20250528_100242.jpg,20250528_100242,4,sample,S3,0.530884,0.577742,3,,0.6,auto-preclass seed
20250528_100242.jpg,20250528_100242,5,sample,S4,0.577742,0.625666,3,,0.6,auto-preclass seed
20250528_100242.jpg,20250528_100242,6,sample,S5,0.625666,0.750799,3,,0.6,auto-preclass seed
20250528_100242.jpg,20250528_100242,7,sample,S6,0.750799,0.864217,3,,0.6,auto-preclass seed
20250528_100242.jpg,20250528_100242,8,sample,S7,0.864217,0.913738,3,,0.6,auto-preclass seed
20250528_100242.jpg,20250528_100242,9,marker,M2,0.913738,1.0,8,,0.8,auto-preclass seed
20250528_100307.jpg,20250528_100307,1,marker,M1,0.0,0.086357,8,,0.8,auto-preclass seed
20250528_100307.jpg,20250528_100307,2,sample,S1,0.086357,0.143587,3,,0.6,auto-preclass seed
20250528_100307.jpg,20250528_100307,3,sample,S2,0.143587,0.327542,3,,0.6,auto-preclass seed
20250528_100307.jpg,20250528_100307,4,sample,S3,0.327542,0.522739,3,,0.6,auto-preclass seed
20250528_100307.jpg,20250528_100307,5,sample,S4,0.522739,0.591722,3,,0.6,auto-preclass seed
20250528_100307.jpg,20250528_100307,6,sample,S5,0.591722,0.682678,3,,0.6,auto-preclass seed
20250528_100307.jpg,20250528_100307,7,sample,S6,0.682678,0.764435,3,,0.6,auto-preclass seed
20250528_100307.jpg,20250528_100307,8,sample,S7,0.764435,0.825754,3,,0.6,auto-preclass seed
20250528_100307.jpg,20250528_100307,9,marker,M2,0.825754,1.0,8,,0.8,auto-preclass seed
20250528_100342.jpg,20250528_100342,1,marker,M1,0.0,0.091686,8,,0.8,auto-preclass seed
20250528_100342.jpg,20250528_100342,2,sample,S1,0.091686,0.270501,3,,0.6,auto-preclass seed
20250528_100342.jpg,20250528_100342,3,sample,S2,0.270501,0.524487,3,,0.6,auto-preclass seed
20250528_100342.jpg,20250528_100342,4,sample,S3,0.524487,0.65205,3,,0.6,auto-preclass seed
20250528_100342.jpg,20250528_100342,5,sample,S4,0.65205,0.724374,3,,0.6,auto-preclass seed
20250528_100342.jpg,20250528_100342,6,sample,S5,0.724374,0.780182,3,,0.6,auto-preclass seed
20250528_100342.jpg,20250528_100342,7,sample,S6,0.780182,0.824601,3,,0.6,auto-preclass seed
20250528_100342.jpg,20250528_100342,8,sample,S7,0.824601,0.870159,3,,0.6,auto-preclass seed
20250528_100342.jpg,20250528_100342,9,marker,M2,0.870159,1.0,8,,0.8,auto-preclass seed
20250528_100357.jpg,20250528_100357,1,marker,M1,0.0,0.180319,8,,0.8,auto-preclass seed
20250528_100357.jpg,20250528_100357,2,sample,S1,0.180319,0.324232,3,,0.6,auto-preclass seed
20250528_100357.jpg,20250528_100357,3,sample,S2,0.324232,0.374289,3,,0.6,auto-preclass seed
20250528_100357.jpg,20250528_100357,4,sample,S3,0.374289,0.550057,3,,0.6,auto-preclass seed
20250528_100357.jpg,20250528_100357,5,sample,S4,0.550057,0.716155,3,,0.6,auto-preclass seed
20250528_100357.jpg,20250528_100357,6,sample,S5,0.716155,0.777019,3,,0.6,auto-preclass seed
20250528_100357.jpg,20250528_100357,7,sample,S6,0.777019,0.853811,3,,0.6,auto-preclass seed
20250528_100357.jpg,20250528_100357,8,sample,S7,0.853811,0.910694,3,,0.6,auto-preclass seed
20250528_100357.jpg,20250528_100357,9,marker,M2,0.910694,1.0,8,,0.8,auto-preclass seed
20250528_100410.jpg,20250528_100410,1,marker,M1,0.0,0.066986,8,,0.8,auto-preclass seed
20250528_100410.jpg,20250528_100410,2,sample,S1,0.066986,0.204147,3,,0.6,auto-preclass seed
20250528_100410.jpg,20250528_100410,3,sample,S2,0.204147,0.505582,3,,0.6,auto-preclass seed
20250528_100410.jpg,20250528_100410,4,sample,S3,0.505582,0.71664,3,,0.6,auto-preclass seed
20250528_100410.jpg,20250528_100410,5,sample,S4,0.71664,0.763424,3,,0.6,auto-preclass seed
20250528_100410.jpg,20250528_100410,6,sample,S5,0.763424,0.810207,3,,0.6,auto-preclass seed
20250528_100410.jpg,20250528_100410,7,sample,S6,0.810207,0.860712,3,,0.6,auto-preclass seed
20250528_100410.jpg,20250528_100410,8,sample,S7,0.860712,0.910154,3,,0.6,auto-preclass seed
20250528_100410.jpg,20250528_100410,9,marker,M2,0.910154,1.0,8,,0.8,auto-preclass seed
20250528_100427.jpg,20250528_100427,1,marker,M1,0.0,0.113648,8,,0.8,auto-preclass seed
20250528_100427.jpg,20250528_100427,2,sample,S1,0.113648,0.166253,3,,0.6,auto-preclass seed
20250528_100427.jpg,20250528_100427,3,sample,S2,0.166253,0.229777,3,,0.6,auto-preclass seed
20250528_100427.jpg,20250528_100427,4,sample,S3,0.229777,0.31464,3,,0.6,auto-preclass seed
20250528_100427.jpg,20250528_100427,5,sample,S4,0.31464,0.373697,3,,0.6,auto-preclass seed
20250528_100427.jpg,20250528_100427,6,sample,S5,0.373697,0.615881,3,,0.6,auto-preclass seed
20250528_100427.jpg,20250528_100427,7,sample,S6,0.615881,0.877419,3,,0.6,auto-preclass seed
20250528_100427.jpg,20250528_100427,8,sample,S7,0.877419,0.936476,3,,0.6,auto-preclass seed
20250528_100427.jpg,20250528_100427,9,marker,M2,0.936476,1.0,8,,0.8,auto-preclass seed
20250528_100513.jpg,20250528_100513,1,marker,M1,0.0,0.09375,8,,0.8,auto-preclass seed
20250528_100513.jpg,20250528_100513,2,sample,S1,0.09375,0.135417,3,,0.6,auto-preclass seed
20250528_100513.jpg,20250528_100513,3,sample,S2,0.135417,0.182726,3,,0.6,auto-preclass seed
20250528_100513.jpg,20250528_100513,4,sample,S3,0.182726,0.238715,3,,0.6,auto-preclass seed
20250528_100513.jpg,20250528_100513,5,sample,S4,0.238715,0.301215,3,,0.6,auto-preclass seed
20250528_100513.jpg,20250528_100513,6,sample,S5,0.301215,0.355903,3,,0.6,auto-preclass seed
20250528_100513.jpg,20250528_100513,7,sample,S6,0.355903,0.420139,3,,0.6,auto-preclass seed
20250528_100513.jpg,20250528_100513,8,sample,S7,0.420139,0.664497,3,,0.6,auto-preclass seed
20250528_100513.jpg,20250528_100513,9,marker,M2,0.664497,1.0,8,,0.8,auto-preclass seed
20250528_100525.jpg,20250528_100525,1,marker,M1,0.0,0.06058,8,,0.8,auto-preclass seed
20250528_100525.jpg,20250528_100525,2,sample,S1,0.06058,0.114334,3,,0.6,auto-preclass seed
20250528_100525.jpg,20250528_100525,3,sample,S2,0.114334,0.168089,3,,0.6,auto-preclass seed
20250528_100525.jpg,20250528_100525,4,sample,S3,0.168089,0.212884,3,,0.6,auto-preclass seed
20250528_100525.jpg,20250528_100525,5,sample,S4,0.212884,0.259386,3,,0.6,auto-preclass seed
20250528_100525.jpg,20250528_100525,6,sample,S5,0.259386,0.301195,3,,0.6,auto-preclass seed
20250528_100525.jpg,20250528_100525,7,sample,S6,0.301195,0.34727,3,,0.6,auto-preclass seed
20250528_100525.jpg,20250528_100525,8,sample,S7,0.34727,0.631826,3,,0.6,auto-preclass seed
20250528_100525.jpg,20250528_100525,9,marker,M2,0.631826,1.0,8,,0.8,auto-preclass seed
20250604_144331.jpg,20250604_144331,1,marker,M1,0.0,0.133634,8,,0.8,auto-preclass seed
20250604_144331.jpg,20250604_144331,2,sample,S1,0.133634,0.312312,3,,0.6,auto-preclass seed
20250604_144331.jpg,20250604_144331,3,sample,S2,0.312312,0.598724,3,,0.6,auto-preclass seed
20250604_144331.jpg,20250604_144331,4,sample,S3,0.598724,0.755631,3,,0.6,auto-preclass seed
20250604_144331.jpg,20250604_144331,5,sample,S4,0.755631,0.806306,3,,0.6,auto-preclass seed
20250604_144331.jpg,20250604_144331,6,sample,S5,0.806306,0.856982,3,,0.6,auto-preclass seed
20250604_144331.jpg,20250604_144331,7,sample,S6,0.856982,0.917793,3,,0.6,auto-preclass seed
20250604_144331.jpg,20250604_144331,8,sample,S7,0.917793,0.978604,3,,0.6,auto-preclass seed
20250604_144331.jpg,20250604_144331,9,marker,M2,0.978604,1.0,8,,0.8,auto-preclass seed
20250604_144415.jpg,20250604_144415,1,marker,M1,0.0,0.084431,8,,0.8,auto-preclass seed
20250604_144415.jpg,20250604_144415,2,sample,S1,0.084431,0.274206,3,,0.6,auto-preclass seed
20250604_144415.jpg,20250604_144415,3,sample,S2,0.274206,0.575523,3,,0.6,auto-preclass seed
20250604_144415.jpg,20250604_144415,4,sample,S3,0.575523,0.746321,3,,0.6,auto-preclass seed
20250604_144415.jpg,20250604_144415,5,sample,S4,0.746321,0.785438,3,,0.6,auto-preclass seed
20250604_144415.jpg,20250604_144415,6,sample,S5,0.785438,0.824167,3,,0.6,auto-preclass seed
20250604_144415.jpg,20250604_144415,7,sample,S6,0.824167,0.863284,3,,0.6,auto-preclass seed
20250604_144415.jpg,20250604_144415,8,sample,S7,0.863284,0.902789,3,,0.6,auto-preclass seed
20250604_144415.jpg,20250604_144415,9,marker,M2,0.902789,1.0,8,,0.8,auto-preclass seed
20250604_144445.jpg,20250604_144445,1,marker,M1,0.0,0.267779,8,,0.8,auto-preclass seed
20250604_144445.jpg,20250604_144445,2,sample,S1,0.267779,0.466031,3,,0.6,auto-preclass seed
20250604_144445.jpg,20250604_144445,3,sample,S2,0.466031,0.622567,3,,0.6,auto-preclass seed
20250604_144445.jpg,20250604_144445,4,sample,S3,0.622567,0.778308,3,,0.6,auto-preclass seed
20250604_144445.jpg,20250604_144445,5,sample,S4,0.778308,0.816448,3,,0.6,auto-preclass seed
20250604_144445.jpg,20250604_144445,6,sample,S5,0.816448,0.854191,3,,0.6,auto-preclass seed
20250604_144445.jpg,20250604_144445,7,sample,S6,0.854191,0.891935,3,,0.6,auto-preclass seed
20250604_144445.jpg,20250604_144445,8,sample,S7,0.891935,0.930075,3,,0.6,auto-preclass seed
20250604_144445.jpg,20250604_144445,9,marker,M2,0.930075,1.0,8,,0.8,auto-preclass seed
20250606_103026.jpg,20250606_103026,1,marker,M1,0.0,0.108547,8,,0.8,auto-preclass seed
20250606_103026.jpg,20250606_103026,2,sample,S1,0.108547,0.190768,3,,0.6,auto-preclass seed
20250606_103026.jpg,20250606_103026,3,sample,S2,0.190768,0.29066,3,,0.6,auto-preclass seed
20250606_103026.jpg,20250606_103026,4,sample,S3,0.29066,0.371799,3,,0.6,auto-preclass seed
20250606_103026.jpg,20250606_103026,5,sample,S4,0.371799,0.429138,3,,0.6,auto-preclass seed
20250606_103026.jpg,20250606_103026,6,sample,S5,0.429138,0.536603,3,,0.6,auto-preclass seed
20250606_103026.jpg,20250606_103026,7,sample,S6,0.536603,0.70357,3,,0.6,auto-preclass seed
20250606_103026.jpg,20250606_103026,8,sample,S7,0.70357,0.842048,3,,0.6,auto-preclass seed
20250606_103026.jpg,20250606_103026,9,marker,M2,0.842048,1.0,8,,0.8,auto-preclass seed
20250606_103044.jpg,20250606_103044,1,marker,M1,0.0,0.231774,8,,0.8,auto-preclass seed
20250606_103044.jpg,20250606_103044,2,sample,S1,0.231774,0.523384,3,,0.6,auto-preclass seed
20250606_103044.jpg,20250606_103044,3,sample,S2,0.523384,0.676066,3,,0.6,auto-preclass seed
20250606_103044.jpg,20250606_103044,4,sample,S3,0.676066,0.740028,3,,0.6,auto-preclass seed
20250606_103044.jpg,20250606_103044,5,sample,S4,0.740028,0.782325,3,,0.6,auto-preclass seed
20250606_103044.jpg,20250606_103044,6,sample,S5,0.782325,0.823246,3,,0.6,auto-preclass seed
20250606_103044.jpg,20250606_103044,7,sample,S6,0.823246,0.863824,3,,0.6,auto-preclass seed
20250606_103044.jpg,20250606_103044,8,sample,S7,0.863824,0.902682,3,,0.6,auto-preclass seed
20250606_103044.jpg,20250606_103044,9,marker,M2,0.902682,1.0,8,,0.8,auto-preclass seed
20250606_103058.jpg,20250606_103058,1,marker,M1,0.0,0.075701,8,,0.8,auto-preclass seed
20250606_103058.jpg,20250606_103058,2,sample,S1,0.075701,0.12538,3,,0.6,auto-preclass seed
20250606_103058.jpg,20250606_103058,3,sample,S2,0.12538,0.169314,3,,0.6,auto-preclass seed
20250606_103058.jpg,20250606_103058,4,sample,S3,0.169314,0.210882,3,,0.6,auto-preclass seed
20250606_103058.jpg,20250606_103058,5,sample,S4,0.210882,0.25245,3,,0.6,auto-preclass seed
20250606_103058.jpg,20250606_103058,6,sample,S5,0.25245,0.298412,3,,0.6,auto-preclass seed
20250606_103058.jpg,20250606_103058,7,sample,S6,0.298412,0.525177,3,,0.6,auto-preclass seed
20250606_103058.jpg,20250606_103058,8,sample,S7,0.525177,0.767827,3,,0.6,auto-preclass seed
20250606_103058.jpg,20250606_103058,9,marker,M2,0.767827,1.0,8,,0.8,auto-preclass seed
20250609_151640.jpg,20250609_151640,1,marker,M1,0.0,0.084715,8,,0.8,auto-preclass seed
20250609_151640.jpg,20250609_151640,2,sample,S1,0.084715,0.121485,3,,0.6,auto-preclass seed
20250609_151640.jpg,20250609_151640,3,sample,S2,0.121485,0.158255,3,,0.6,auto-preclass seed
20250609_151640.jpg,20250609_151640,4,sample,S3,0.158255,0.195025,3,,0.6,auto-preclass seed
20250609_151640.jpg,20250609_151640,5,sample,S4,0.195025,0.526316,3,,0.6,auto-preclass seed
20250609_151640.jpg,20250609_151640,6,sample,S5,0.526316,0.861572,3,,0.6,auto-preclass seed
20250609_151640.jpg,20250609_151640,7,sample,S6,0.861572,0.902668,3,,0.6,auto-preclass seed
20250609_151640.jpg,20250609_151640,8,sample,S7,0.902668,0.939438,3,,0.6,auto-preclass seed
20250609_151640.jpg,20250609_151640,9,marker,M2,0.939438,1.0,8,,0.8,auto-preclass seed
20250609_151655.jpg,20250609_151655,1,marker,M1,0.0,0.022953,8,,0.8,auto-preclass seed
20250609_151655.jpg,20250609_151655,2,sample,S1,0.022953,0.059952,3,,0.6,auto-preclass seed
20250609_151655.jpg,20250609_151655,3,sample,S2,0.059952,0.402535,3,,0.6,auto-preclass seed
20250609_151655.jpg,20250609_151655,4,sample,S3,0.402535,0.746146,3,,0.6,auto-preclass seed
20250609_151655.jpg,20250609_151655,5,sample,S4,0.746146,0.7852,3,,0.6,auto-preclass seed
20250609_151655.jpg,20250609_151655,6,sample,S5,0.7852,0.82357,3,,0.6,auto-preclass seed
20250609_151655.jpg,20250609_151655,7,sample,S6,0.82357,0.862967,3,,0.6,auto-preclass seed
20250609_151655.jpg,20250609_151655,8,sample,S7,0.862967,0.902706,3,,0.6,auto-preclass seed
20250609_151655.jpg,20250609_151655,9,marker,M2,0.902706,1.0,8,,0.8,auto-preclass seed
20250609_151709.jpg,20250609_151709,1,marker,M1,0.0,0.257085,8,,0.8,auto-preclass seed
20250609_151709.jpg,20250609_151709,2,sample,S1,0.257085,0.461201,3,,0.6,auto-preclass seed
20250609_151709.jpg,20250609_151709,3,sample,S2,0.461201,0.619771,3,,0.6,auto-preclass seed
20250609_151709.jpg,20250609_151709,4,sample,S3,0.619771,0.770243,3,,0.6,auto-preclass seed
20250609_151709.jpg,20250609_151709,5,sample,S4,0.770243,0.807355,3,,0.6,auto-preclass seed
20250609_151709.jpg,20250609_151709,6,sample,S5,0.807355,0.844467,3,,0.6,auto-preclass seed
20250609_151709.jpg,20250609_151709,7,sample,S6,0.844467,0.88529,3,,0.6,auto-preclass seed
20250609_151709.jpg,20250609_151709,8,sample,S7,0.88529,0.925776,3,,0.6,auto-preclass seed
20250609_151709.jpg,20250609_151709,9,marker,M2,0.925776,1.0,8,,0.8,auto-preclass seed
20250611_100612.jpg,20250611_100612,1,marker,M1,0.0,0.311991,8,,0.8,auto-preclass seed
20250611_100612.jpg,20250611_100612,2,sample,S1,0.311991,0.574699,3,,0.6,auto-preclass seed
20250611_100612.jpg,20250611_100612,3,sample,S2,0.574699,0.633683,3,,0.6,auto-preclass seed
20250611_100612.jpg,20250611_100612,4,sample,S3,0.633683,0.675592,3,,0.6,auto-preclass seed
20250611_100612.jpg,20250611_100612,5,sample,S4,0.675592,0.717501,3,,0.6,auto-preclass seed
20250611_100612.jpg,20250611_100612,6,sample,S5,0.717501,0.772604,3,,0.6,auto-preclass seed
20250611_100612.jpg,20250611_100612,7,sample,S6,0.772604,0.828871,3,,0.6,auto-preclass seed
20250611_100612.jpg,20250611_100612,8,sample,S7,0.828871,0.879705,3,,0.6,auto-preclass seed
20250611_100612.jpg,20250611_100612,9,marker,M2,0.879705,1.0,8,,0.8,auto-preclass seed
20250611_100715.jpg,20250611_100715,1,marker,M1,0.0,0.172672,8,,0.8,auto-preclass seed
20250611_100715.jpg,20250611_100715,2,sample,S1,0.172672,0.209381,3,,0.6,auto-preclass seed
20250611_100715.jpg,20250611_100715,3,sample,S2,0.209381,0.271924,3,,0.6,auto-preclass seed
20250611_100715.jpg,20250611_100715,4,sample,S3,0.271924,0.336506,3,,0.6,auto-preclass seed
20250611_100715.jpg,20250611_100715,5,sample,S4,0.336506,0.375935,3,,0.6,auto-preclass seed
20250611_100715.jpg,20250611_100715,6,sample,S5,0.375935,0.53705,3,,0.6,auto-preclass seed
20250611_100715.jpg,20250611_100715,7,sample,S6,0.53705,0.698165,3,,0.6,auto-preclass seed
20250611_100715.jpg,20250611_100715,8,sample,S7,0.698165,0.734874,3,,0.6,auto-preclass seed
20250611_100715.jpg,20250611_100715,9,marker,M2,0.734874,1.0,8,,0.8,auto-preclass seed
20250625_100501.jpg,20250625_100501,1,marker,M1,0.0,0.088567,8,,0.8,auto-preclass seed
20250625_100501.jpg,20250625_100501,2,sample,S1,0.088567,0.14211,3,,0.6,auto-preclass seed
20250625_100501.jpg,20250625_100501,3,sample,S2,0.14211,0.19686,3,,0.6,auto-preclass seed
20250625_100501.jpg,20250625_100501,4,sample,S3,0.19686,0.307568,3,,0.6,auto-preclass seed
20250625_100501.jpg,20250625_100501,5,sample,S4,0.307568,0.425121,3,,0.6,auto-preclass seed
20250625_100501.jpg,20250625_100501,6,sample,S5,0.425121,0.492351,3,,0.6,auto-preclass seed
20250625_100501.jpg,20250625_100501,7,sample,S6,0.492351,0.59219,3,,0.6,auto-preclass seed
20250625_100501.jpg,20250625_100501,8,sample,S7,0.59219,0.770129,3,,0.6,auto-preclass seed
20250625_100501.jpg,20250625_100501,9,marker,M2,0.770129,1.0,8,,0.8,auto-preclass seed
20250625_100513.jpg,20250625_100513,1,marker,M1,0.0,0.171381,8,,0.8,auto-preclass seed
20250625_100513.jpg,20250625_100513,2,sample,S1,0.171381,0.377704,3,,0.6,auto-preclass seed
20250625_100513.jpg,20250625_100513,3,sample,S2,0.377704,0.512479,3,,0.6,auto-preclass seed
20250625_100513.jpg,20250625_100513,4,sample,S3,0.512479,0.608985,3,,0.6,auto-preclass seed
20250625_100513.jpg,20250625_100513,5,sample,S4,0.608985,0.699251,3,,0.6,auto-preclass seed
20250625_100513.jpg,20250625_100513,6,sample,S5,0.699251,0.757903,3,,0.6,auto-preclass seed
20250625_100513.jpg,20250625_100513,7,sample,S6,0.757903,0.833195,3,,0.6,auto-preclass seed
20250625_100513.jpg,20250625_100513,8,sample,S7,0.833195,0.887687,3,,0.6,auto-preclass seed
20250625_100513.jpg,20250625_100513,9,marker,M2,0.887687,1.0,8,,0.8,auto-preclass seed
20250625_100528.jpg,20250625_100528,1,marker,M1,0.0,0.073034,8,,0.8,auto-preclass seed
20250625_100528.jpg,20250625_100528,2,sample,S1,0.073034,0.168138,3,,0.6,auto-preclass seed
20250625_100528.jpg,20250625_100528,3,sample,S2,0.168138,0.37199,3,,0.6,auto-preclass seed
20250625_100528.jpg,20250625_100528,4,sample,S3,0.37199,0.521268,3,,0.6,auto-preclass seed
20250625_100528.jpg,20250625_100528,5,sample,S4,0.521268,0.619984,3,,0.6,auto-preclass seed
20250625_100528.jpg,20250625_100528,6,sample,S5,0.619984,0.717496,3,,0.6,auto-preclass seed
20250625_100528.jpg,20250625_100528,7,sample,S6,0.717496,0.812199,3,,0.6,auto-preclass seed
20250625_100528.jpg,20250625_100528,8,sample,S7,0.812199,0.914125,3,,0.6,auto-preclass seed
20250625_100528.jpg,20250625_100528,9,marker,M2,0.914125,1.0,8,,0.8,auto-preclass seed
20250625_100812.jpg,20250625_100812,1,marker,M1,0.0,0.206475,8,,0.8,auto-preclass seed
20250625_100812.jpg,20250625_100812,2,sample,S1,0.206475,0.366906,3,,0.6,auto-preclass seed
20250625_100812.jpg,20250625_100812,3,sample,S2,0.366906,0.406115,3,,0.6,auto-preclass seed
20250625_100812.jpg,20250625_100812,4,sample,S3,0.406115,0.448201,3,,0.6,auto-preclass seed
20250625_100812.jpg,20250625_100812,5,sample,S4,0.448201,0.526978,3,,0.6,auto-preclass seed
20250625_100812.jpg,20250625_100812,6,sample,S5,0.526978,0.603597,3,,0.6,auto-preclass seed
20250625_100812.jpg,20250625_100812,7,sample,S6,0.603597,0.697122,3,,0.6,auto-preclass seed
20250625_100812.jpg,20250625_100812,8,sample,S7,0.697122,0.831295,3,,0.6,auto-preclass seed
20250625_100812.jpg,20250625_100812,9,marker,M2,0.831295,1.0,8,,0.8,auto-preclass seed
20250625_100933.jpg,20250625_100933,1,marker,M1,0.0,0.082859,8,,0.8,auto-preclass seed
20250625_100933.jpg,20250625_100933,2,sample,S1,0.082859,0.166074,3,,0.6,auto-preclass seed
20250625_100933.jpg,20250625_100933,3,sample,S2,0.166074,0.294452,3,,0.6,auto-preclass seed
20250625_100933.jpg,20250625_100933,4,sample,S3,0.294452,0.396159,3,,0.6,auto-preclass seed
20250625_100933.jpg,20250625_100933,5,sample,S4,0.396159,0.455192,3,,0.6,auto-preclass seed
20250625_100933.jpg,20250625_100933,6,sample,S5,0.455192,0.533073,3,,0.6,auto-preclass seed
20250625_100933.jpg,20250625_100933,7,sample,S6,0.533073,0.614154,3,,0.6,auto-preclass seed
20250625_100933.jpg,20250625_100933,8,sample,S7,0.614154,0.766714,3,,0.6,auto-preclass seed
20250625_100933.jpg,20250625_100933,9,marker,M2,0.766714,1.0,8,,0.8,auto-preclass seed
20250625_101025.jpg,20250625_101025,1,marker,M1,0.0,0.204195,8,,0.8,auto-preclass seed
20250625_101025.jpg,20250625_101025,2,sample,S1,0.204195,0.389381,3,,0.6,auto-preclass seed
20250625_101025.jpg,20250625_101025,3,sample,S2,0.389381,0.452638,3,,0.6,auto-preclass seed
20250625_101025.jpg,20250625_101025,4,sample,S3,0.452638,0.53884,3,,0.6,auto-preclass seed
20250625_101025.jpg,20250625_101025,5,sample,S4,0.53884,0.619797,3,,0.6,auto-preclass seed
20250625_101025.jpg,20250625_101025,6,sample,S5,0.619797,0.698787,3,,0.6,auto-preclass seed
20250625_101025.jpg,20250625_101025,7,sample,S6,0.698787,0.776139,3,,0.6,auto-preclass seed
20250625_101025.jpg,20250625_101025,8,sample,S7,0.776139,0.859718,3,,0.6,auto-preclass seed
20250625_101025.jpg,20250625_101025,9,marker,M2,0.859718,1.0,8,,0.8,auto-preclass seed
20250708_095320.jpg,20250708_095320,1,marker,M1,0.0,0.055273,8,,0.8,auto-preclass seed
20250708_095320.jpg,20250708_095320,2,sample,S1,0.055273,0.184,3,,0.6,auto-preclass seed
20250708_095320.jpg,20250708_095320,3,sample,S2,0.184,0.456,3,,0.6,auto-preclass seed
20250708_095320.jpg,20250708_095320,4,sample,S3,0.456,0.655273,3,,0.6,auto-preclass seed
20250708_095320.jpg,20250708_095320,5,sample,S4,0.655273,0.711273,3,,0.6,auto-preclass seed
20250708_095320.jpg,20250708_095320,6,sample,S5,0.711273,0.806545,3,,0.6,auto-preclass seed
20250708_095320.jpg,20250708_095320,7,sample,S6,0.806545,0.908727,3,,0.6,auto-preclass seed
20250708_095320.jpg,20250708_095320,8,sample,S7,0.908727,0.952727,3,,0.6,auto-preclass seed
20250708_095320.jpg,20250708_095320,9,marker,M2,0.952727,1.0,8,,0.8,auto-preclass seed
20250708_095359.jpg,20250708_095359,1,marker,M1,0.0,0.08589,8,,0.8,auto-preclass seed
20250708_095359.jpg,20250708_095359,2,sample,S1,0.08589,0.129516,3,,0.6,auto-preclass seed
20250708_095359.jpg,20250708_095359,3,sample,S2,0.129516,0.211316,3,,0.6,auto-preclass seed
20250708_095359.jpg,20250708_095359,4,sample,S3,0.211316,0.291411,3,,0.6,auto-preclass seed
20250708_095359.jpg,20250708_095359,5,sample,S4,0.291411,0.350034,3,,0.6,auto-preclass seed
20250708_095359.jpg,20250708_095359,6,sample,S5,0.350034,0.407975,3,,0.6,auto-preclass seed
20250708_095359.jpg,20250708_095359,7,sample,S6,0.407975,0.664622,3,,0.6,auto-preclass seed
20250708_095359.jpg,20250708_095359,8,sample,S7,0.664622,0.921609,3,,0.6,auto-preclass seed
20250708_095359.jpg,20250708_095359,9,marker,M2,0.921609,1.0,8,,0.8,auto-preclass seed
20250708_095432.jpg,20250708_095432,1,marker,M1,0.0,0.072389,8,,0.8,auto-preclass seed
20250708_095432.jpg,20250708_095432,2,sample,S1,0.072389,0.344019,3,,0.6,auto-preclass seed
20250708_095432.jpg,20250708_095432,3,sample,S2,0.344019,0.615994,3,,0.6,auto-preclass seed
20250708_095432.jpg,20250708_095432,4,sample,S3,0.615994,0.654257,3,,0.6,auto-preclass seed
20250708_095432.jpg,20250708_095432,5,sample,S4,0.654257,0.692865,3,,0.6,auto-preclass seed
20250708_095432.jpg,20250708_095432,6,sample,S5,0.692865,0.794898,3,,0.6,auto-preclass seed
20250708_095432.jpg,20250708_095432,7,sample,S6,0.794898,0.89969,3,,0.6,auto-preclass seed
20250708_095432.jpg,20250708_095432,8,sample,S7,0.89969,0.941055,3,,0.6,auto-preclass seed
20250708_095432.jpg,20250708_095432,9,marker,M2,0.941055,1.0,8,,0.8,auto-preclass seed
20250708_095504.jpg,20250708_095504,1,marker,M1,0.0,0.063565,8,,0.8,auto-preclass seed
20250708_095504.jpg,20250708_095504,2,sample,S1,0.063565,0.104759,3,,0.6,auto-preclass seed
20250708_095504.jpg,20250708_095504,3,sample,S2,0.104759,0.205966,3,,0.6,auto-preclass seed
20250708_095504.jpg,20250708_095504,4,sample,S3,0.205966,0.379972,3,,0.6,auto-preclass seed
20250708_095504.jpg,20250708_095504,5,sample,S4,0.379972,0.495028,3,,0.6,auto-preclass seed
20250708_095504.jpg,20250708_095504,6,sample,S5,0.495028,0.555043,3,,0.6,auto-preclass seed
20250708_095504.jpg,20250708_095504,7,sample,S6,0.555043,0.616477,3,,0.6,auto-preclass seed
20250708_095504.jpg,20250708_095504,8,sample,S7,0.616477,0.731179,3,,0.6,auto-preclass seed
20250708_095504.jpg,20250708_095504,9,marker,M2,0.731179,1.0,8,,0.8,auto-preclass seed
20250708_095542.jpg,20250708_095542,1,marker,M1,0.0,0.073444,8,,0.8,auto-preclass seed
20250708_095542.jpg,20250708_095542,2,sample,S1,0.073444,0.124468,3,,0.6,auto-preclass seed
20250708_095542.jpg,20250708_095542,3,sample,S2,0.124468,0.178972,3,,0.6,auto-preclass seed
20250708_095542.jpg,20250708_095542,4,sample,S3,0.178972,0.226904,3,,0.6,auto-preclass seed
20250708_095542.jpg,20250708_095542,5,sample,S4,0.226904,0.272516,3,,0.6,auto-preclass seed
20250708_095542.jpg,20250708_095542,6,sample,S5,0.272516,0.316196,3,,0.6,auto-preclass seed
20250708_095542.jpg,20250708_095542,7,sample,S6,0.316196,0.361809,3,,0.6,auto-preclass seed
20250708_095542.jpg,20250708_095542,8,sample,S7,0.361809,0.428682,3,,0.6,auto-preclass seed
20250708_095542.jpg,20250708_095542,9,marker,M2,0.428682,1.0,8,,0.8,auto-preclass seed
20250708_095558.jpg,20250708_095558,1,marker,M1,0.0,0.063604,8,,0.8,auto-preclass seed
20250708_095558.jpg,20250708_095558,2,sample,S1,0.063604,0.100118,3,,0.6,auto-preclass seed
20250708_095558.jpg,20250708_095558,3,sample,S2,0.100118,0.136631,3,,0.6,auto-preclass seed
20250708_095558.jpg,20250708_095558,4,sample,S3,0.136631,0.180801,3,,0.6,auto-preclass seed
20250708_095558.jpg,20250708_095558,5,sample,S4,0.180801,0.225559,3,,0.6,auto-preclass seed
20250708_095558.jpg,20250708_095558,6,sample,S5,0.225559,0.262073,3,,0.6,auto-preclass seed
20250708_095558.jpg,20250708_095558,7,sample,S6,0.262073,0.31331,3,,0.6,auto-preclass seed
20250708_095558.jpg,20250708_095558,8,sample,S7,0.31331,0.410483,3,,0.6,auto-preclass seed
20250708_095558.jpg,20250708_095558,9,marker,M2,0.410483,1.0,8,,0.8,auto-preclass seed
20250718_085314.jpg,20250718_085314,1,marker,M1,0.0,0.097579,8,,0.8,auto-preclass seed
20250718_085314.jpg,20250718_085314,2,sample,S1,0.097579,0.173979,3,,0.6,auto-preclass seed
20250718_085314.jpg,20250718_085314,3,sample,S2,0.173979,0.291982,3,,0.6,auto-preclass seed
20250718_085314.jpg,20250718_085314,4,sample,S3,0.291982,0.450076,3,,0.6,auto-preclass seed
20250718_085314.jpg,20250718_085314,5,sample,S4,0.450076,0.549546,3,,0.6,auto-preclass seed
20250718_085314.jpg,20250718_085314,6,sample,S5,0.549546,0.628215,3,,0.6,auto-preclass seed
20250718_085314.jpg,20250718_085314,7,sample,S6,0.628215,0.705371,3,,0.6,auto-preclass seed
20250718_085314.jpg,20250718_085314,8,sample,S7,0.705371,0.794251,3,,0.6,auto-preclass seed
20250718_085314.jpg,20250718_085314,9,marker,M2,0.794251,1.0,8,,0.8,auto-preclass seed
20250724_164635.jpg,20250724_164635,1,marker,M1,0.0,0.053774,8,,0.8,auto-preclass seed
20250724_164635.jpg,20250724_164635,2,sample,S1,0.053774,0.246194,3,,0.6,auto-preclass seed
20250724_164635.jpg,20250724_164635,3,sample,S2,0.246194,0.438937,3,,0.6,auto-preclass seed
20250724_164635.jpg,20250724_164635,4,sample,S3,0.438937,0.478458,3,,0.6,auto-preclass seed
20250724_164635.jpg,20250724_164635,5,sample,S4,0.478458,0.517655,3,,0.6,auto-preclass seed
20250724_164635.jpg,20250724_164635,6,sample,S5,0.517655,0.670554,3,,0.6,auto-preclass seed
20250724_164635.jpg,20250724_164635,7,sample,S6,0.670554,0.828636,3,,0.6,auto-preclass seed
20250724_164635.jpg,20250724_164635,8,sample,S7,0.828636,0.873664,3,,0.6,auto-preclass seed
20250724_164635.jpg,20250724_164635,9,marker,M2,0.873664,1.0,8,,0.8,auto-preclass seed
20250724_164721.jpg,20250724_164721,1,marker,M1,0.0,0.061394,8,,0.8,auto-preclass seed
20250724_164721.jpg,20250724_164721,2,sample,S1,0.061394,0.10718,3,,0.6,auto-preclass seed
20250724_164721.jpg,20250724_164721,3,sample,S2,0.10718,0.312869,3,,0.6,auto-preclass seed
20250724_164721.jpg,20250724_164721,4,sample,S3,0.312869,0.51821,3,,0.6,auto-preclass seed
20250724_164721.jpg,20250724_164721,5,sample,S4,0.51821,0.680541,3,,0.6,auto-preclass seed
20250724_164721.jpg,20250724_164721,6,sample,S5,0.680541,0.837322,3,,0.6,auto-preclass seed
20250724_164721.jpg,20250724_164721,7,sample,S6,0.837322,0.878252,3,,0.6,auto-preclass seed
20250724_164721.jpg,20250724_164721,8,sample,S7,0.878252,0.9171,3,,0.6,auto-preclass seed
20250724_164721.jpg,20250724_164721,9,marker,M2,0.9171,1.0,8,,0.8,auto-preclass seed
20250724_164802.jpg,20250724_164802,1,marker,M1,0.0,0.095761,8,,0.8,auto-preclass seed
20250724_164802.jpg,20250724_164802,2,sample,S1,0.095761,0.142695,3,,0.6,auto-preclass seed
20250724_164802.jpg,20250724_164802,3,sample,S2,0.142695,0.20969,3,,0.6,auto-preclass seed
20250724_164802.jpg,20250724_164802,4,sample,S3,0.20969,0.376609,3,,0.6,auto-preclass seed
20250724_164802.jpg,20250724_164802,5,sample,S4,0.376609,0.523089,3,,0.6,auto-preclass seed
20250724_164802.jpg,20250724_164802,6,sample,S5,0.523089,0.566616,3,,0.6,auto-preclass seed
20250724_164802.jpg,20250724_164802,7,sample,S6,0.566616,0.610901,3,,0.6,auto-preclass seed
20250724_164802.jpg,20250724_164802,8,sample,S7,0.610901,0.677896,3,,0.6,auto-preclass seed
20250724_164802.jpg,20250724_164802,9,marker,M2,0.677896,1.0,8,,0.8,auto-preclass seed
20250724_164846.jpg,20250724_164846,1,marker,M1,0.0,0.12865,8,,0.8,auto-preclass seed
20250724_164846.jpg,20250724_164846,2,sample,S1,0.12865,0.17427,3,,0.6,auto-preclass seed
20250724_164846.jpg,20250724_164846,3,sample,S2,0.17427,0.211223,3,,0.6,auto-preclass seed
20250724_164846.jpg,20250724_164846,4,sample,S3,0.211223,0.25,3,,0.6,auto-preclass seed
20250724_164846.jpg,20250724_164846,5,sample,S4,0.25,0.303832,3,,0.6,auto-preclass seed
20250724_164846.jpg,20250724_164846,6,sample,S5,0.303832,0.389599,3,,0.6,auto-preclass seed
20250724_164846.jpg,20250724_164846,7,sample,S6,0.389599,0.462135,3,,0.6,auto-preclass seed
20250724_164846.jpg,20250724_164846,8,sample,S7,0.462135,0.512318,3,,0.6,auto-preclass seed
20250724_164846.jpg,20250724_164846,9,marker,M2,0.512318,1.0,8,,0.8,auto-preclass seed
20250724_164929.jpg,20250724_164929,1,marker,M1,0.0,0.106178,8,,0.8,auto-preclass seed
20250724_164929.jpg,20250724_164929,2,sample,S1,0.106178,0.350572,3,,0.6,auto-preclass seed
20250724_164929.jpg,20250724_164929,3,sample,S2,0.350572,0.597712,3,,0.6,auto-preclass seed
20250724_164929.jpg,20250724_164929,4,sample,S3,0.597712,0.637529,3,,0.6,auto-preclass seed
20250724_164929.jpg,20250724_164929,5,sample,S4,0.637529,0.6746,3,,0.6,auto-preclass seed
20250724_164929.jpg,20250724_164929,6,sample,S5,0.6746,0.714416,3,,0.6,auto-preclass seed
20250724_164929.jpg,20250724_164929,7,sample,S6,0.714416,0.756064,3,,0.6,auto-preclass seed
20250724_164929.jpg,20250724_164929,8,sample,S7,0.756064,0.794508,3,,0.6,auto-preclass seed
20250724_164929.jpg,20250724_164929,9,marker,M2,0.794508,1.0,8,,0.8,auto-preclass seed
20250724_165008.jpg,20250724_165008,1,marker,M1,0.0,0.167748,8,,0.8,auto-preclass seed
20250724_165008.jpg,20250724_165008,2,sample,S1,0.167748,0.213679,3,,0.6,auto-preclass seed
20250724_165008.jpg,20250724_165008,3,sample,S2,0.213679,0.25362,3,,0.6,auto-preclass seed
20250724_165008.jpg,20250724_165008,4,sample,S3,0.25362,0.331503,3,,0.6,auto-preclass seed
20250724_165008.jpg,20250724_165008,5,sample,S4,0.331503,0.409386,3,,0.6,auto-preclass seed
20250724_165008.jpg,20250724_165008,6,sample,S5,0.409386,0.464304,3,,0.6,auto-preclass seed
20250724_165008.jpg,20250724_165008,7,sample,S6,0.464304,0.552172,3,,0.6,auto-preclass seed
20250724_165008.jpg,20250724_165008,8,sample,S7,0.552172,0.66001,3,,0.6,auto-preclass seed
20250724_165008.jpg,20250724_165008,9,marker,M2,0.66001,1.0,8,,0.8,auto-preclass seed
20250808_122947.jpg,20250808_122947,1,marker,M1,0.0,0.034498,8,,0.8,auto-preclass seed
20250808_122947.jpg,20250808_122947,2,sample,S1,0.034498,0.071266,3,,0.6,auto-preclass seed
20250808_122947.jpg,20250808_122947,3,sample,S2,0.071266,0.109396,3,,0.6,auto-preclass seed
20250808_122947.jpg,20250808_122947,4,sample,S3,0.109396,0.147072,3,,0.6,auto-preclass seed
20250808_122947.jpg,20250808_122947,5,sample,S4,0.147072,0.281888,3,,0.6,auto-preclass seed
20250808_122947.jpg,20250808_122947,6,sample,S5,0.281888,0.455742,3,,0.6,auto-preclass seed
20250808_122947.jpg,20250808_122947,7,sample,S6,0.455742,0.647753,3,,0.6,auto-preclass seed
20250808_122947.jpg,20250808_122947,8,sample,S7,0.647753,0.81389,3,,0.6,auto-preclass seed
20250808_122947.jpg,20250808_122947,9,marker,M2,0.81389,1.0,8,,0.8,auto-preclass seed
20250808_123002.jpg,20250808_123002,1,marker,M1,0.0,0.123406,8,,0.8,auto-preclass seed
20250808_123002.jpg,20250808_123002,2,sample,S1,0.123406,0.172768,3,,0.6,auto-preclass seed
20250808_123002.jpg,20250808_123002,3,sample,S2,0.172768,0.272727,3,,0.6,auto-preclass seed
20250808_123002.jpg,20250808_123002,4,sample,S3,0.272727,0.37392,3,,0.6,auto-preclass seed
20250808_123002.jpg,20250808_123002,5,sample,S4,0.37392,0.422871,3,,0.6,auto-preclass seed
20250808_123002.jpg,20250808_123002,6,sample,S5,0.422871,0.472645,3,,0.6,auto-preclass seed
20250808_123002.jpg,20250808_123002,7,sample,S6,0.472645,0.609626,3,,0.6,auto-preclass seed
20250808_123002.jpg,20250808_123002,8,sample,S7,0.609626,0.746606,3,,0.6,auto-preclass seed
20250808_123002.jpg,20250808_123002,9,marker,M2,0.746606,1.0,8,,0.8,auto-preclass seed
20250808_123019.jpg,20250808_123019,1,marker,M1,0.0,0.10981,8,,0.8,auto-preclass seed
20250808_123019.jpg,20250808_123019,2,sample,S1,0.10981,0.160275,3,,0.6,auto-preclass seed
20250808_123019.jpg,20250808_123019,3,sample,S2,0.160275,0.19782,3,,0.6,auto-preclass seed
20250808_123019.jpg,20250808_123019,4,sample,S3,0.19782,0.243036,3,,0.6,auto-preclass seed
20250808_123019.jpg,20250808_123019,5,sample,S4,0.243036,0.287444,3,,0.6,auto-preclass seed
20250808_123019.jpg,20250808_123019,6,sample,S5,0.287444,0.33266,3,,0.6,auto-preclass seed
20250808_123019.jpg,20250808_123019,7,sample,S6,0.33266,0.57287,3,,0.6,auto-preclass seed
20250808_123019.jpg,20250808_123019,8,sample,S7,0.57287,0.804199,3,,0.6,auto-preclass seed
20250808_123019.jpg,20250808_123019,9,marker,M2,0.804199,1.0,8,,0.8,auto-preclass seed
20250808_123032.jpg,20250808_123032,1,marker,M1,0.0,0.071123,8,,0.8,auto-preclass seed
20250808_123032.jpg,20250808_123032,2,sample,S1,0.071123,0.113539,3,,0.6,auto-preclass seed
20250808_123032.jpg,20250808_123032,3,sample,S2,0.113539,0.16581,3,,0.6,auto-preclass seed
20250808_123032.jpg,20250808_123032,4,sample,S3,0.16581,0.227935,3,,0.6,auto-preclass seed
20250808_123032.jpg,20250808_123032,5,sample,S4,0.227935,0.311482,3,,0.6,auto-preclass seed
20250808_123032.jpg,20250808_123032,6,sample,S5,0.311482,0.379606,3,,0.6,auto-preclass seed
20250808_123032.jpg,20250808_123032,7,sample,S6,0.379606,0.622108,3,,0.6,auto-preclass seed
20250808_123032.jpg,20250808_123032,8,sample,S7,0.622108,0.874036,3,,0.6,auto-preclass seed
20250808_123032.jpg,20250808_123032,9,marker,M2,0.874036,1.0,8,,0.8,auto-preclass seed
20250808_123056.jpg,20250808_123056,1,marker,M1,0.0,0.114057,8,,0.8,auto-preclass seed
20250808_123056.jpg,20250808_123056,2,sample,S1,0.114057,0.157828,3,,0.6,auto-preclass seed
20250808_123056.jpg,20250808_123056,3,sample,S2,0.157828,0.20202,3,,0.6,auto-preclass seed
20250808_123056.jpg,20250808_123056,4,sample,S3,0.20202,0.253788,3,,0.6,auto-preclass seed
20250808_123056.jpg,20250808_123056,5,sample,S4,0.253788,0.305976,3,,0.6,auto-preclass seed
20250808_123056.jpg,20250808_123056,6,sample,S5,0.305976,0.359848,3,,0.6,auto-preclass seed
20250808_123056.jpg,20250808_123056,7,sample,S6,0.359848,0.413721,3,,0.6,auto-preclass seed
20250808_123056.jpg,20250808_123056,8,sample,S7,0.413721,0.557239,3,,0.6,auto-preclass seed
20250808_123056.jpg,20250808_123056,9,marker,M2,0.557239,1.0,8,,0.8,auto-preclass seed
20250808_123116.jpg,20250808_123116,1,marker,M1,0.0,0.102453,8,,0.8,auto-preclass seed
20250808_123116.jpg,20250808_123116,2,sample,S1,0.102453,0.13949,3,,0.6,auto-preclass seed
20250808_123116.jpg,20250808_123116,3,sample,S2,0.13949,0.17797,3,,0.6,auto-preclass seed
20250808_123116.jpg,20250808_123116,4,sample,S3,0.17797,0.21645,3,,0.6,auto-preclass seed
20250808_123116.jpg,20250808_123116,5,sample,S4,0.21645,0.258778,3,,0.6,auto-preclass seed
20250808_123116.jpg,20250808_123116,6,sample,S5,0.258778,0.301106,3,,0.6,auto-preclass seed
20250808_123116.jpg,20250808_123116,7,sample,S6,0.301106,0.365079,3,,0.6,auto-preclass seed
20250808_123116.jpg,20250808_123116,8,sample,S7,0.365079,0.428571,3,,0.6,auto-preclass seed
20250808_123116.jpg,20250808_123116,9,marker,M2,0.428571,1.0,8,,0.8,auto-preclass seed
20250813_104003.jpg,20250813_104003,1,marker,M1,0.0,0.096702,8,,0.8,auto-preclass seed
20250813_104003.jpg,20250813_104003,2,sample,S1,0.096702,0.178411,3,,0.6,auto-preclass seed
20250813_104003.jpg,20250813_104003,3,sample,S2,0.178411,0.27961,3,,0.6,auto-preclass seed
20250813_104003.jpg,20250813_104003,4,sample,S3,0.27961,0.353073,3,,0.6,auto-preclass seed
20250813_104003.jpg,20250813_104003,5,sample,S4,0.353073,0.423538,3,,0.6,auto-preclass seed
20250813_104003.jpg,20250813_104003,6,sample,S5,0.423538,0.496252,3,,0.6,auto-preclass seed
20250813_104003.jpg,20250813_104003,7,sample,S6,0.496252,0.655922,3,,0.6,auto-preclass seed
20250813_104003.jpg,20250813_104003,8,sample,S7,0.655922,0.840705,3,,0.6,auto-preclass seed
20250813_104003.jpg,20250813_104003,9,marker,M2,0.840705,1.0,8,,0.8,auto-preclass seed
20250813_104050.jpg,20250813_104050,1,marker,M1,0.0,0.118435,8,,0.8,auto-preclass seed
20250813_104050.jpg,20250813_104050,2,sample,S1,0.118435,0.181818,3,,0.6,auto-preclass seed
20250813_104050.jpg,20250813_104050,3,sample,S2,0.181818,0.252083,3,,0.6,auto-preclass seed
20250813_104050.jpg,20250813_104050,4,sample,S3,0.252083,0.321623,3,,0.6,auto-preclass seed
20250813_104050.jpg,20250813_104050,5,sample,S4,0.321623,0.392974,3,,0.6,auto-preclass seed
20250813_104050.jpg,20250813_104050,6,sample,S5,0.392974,0.462876,3,,0.6,auto-preclass seed
20250813_104050.jpg,20250813_104050,7,sample,S6,0.462876,0.612821,3,,0.6,auto-preclass seed
20250813_104050.jpg,20250813_104050,8,sample,S7,0.612821,0.863455,3,,0.6,auto-preclass seed
20250813_104050.jpg,20250813_104050,9,marker,M2,0.863455,1.0,8,,0.8,auto-preclass seed
20250813_104134.jpg,20250813_104134,1,marker,M1,0.0,0.154045,8,,0.8,auto-preclass seed
20250813_104134.jpg,20250813_104134,2,sample,S1,0.154045,0.253786,3,,0.6,auto-preclass seed
20250813_104134.jpg,20250813_104134,3,sample,S2,0.253786,0.3273,3,,0.6,auto-preclass seed
20250813_104134.jpg,20250813_104134,4,sample,S3,0.3273,0.399704,3,,0.6,auto-preclass seed
20250813_104134.jpg,20250813_104134,5,sample,S4,0.399704,0.468046,3,,0.6,auto-preclass seed
20250813_104134.jpg,20250813_104134,6,sample,S5,0.468046,0.604359,3,,0.6,auto-preclass seed
20250813_104134.jpg,20250813_104134,7,sample,S6,0.604359,0.728482,3,,0.6,auto-preclass seed
20250813_104134.jpg,20250813_104134,8,sample,S7,0.728482,0.872922,3,,0.6,auto-preclass seed
20250813_104134.jpg,20250813_104134,9,marker,M2,0.872922,1.0,8,,0.8,auto-preclass seed
20250813_104205.jpg,20250813_104205,1,marker,M1,0.0,0.08343,8,,0.8,auto-preclass seed
20250813_104205.jpg,20250813_104205,2,sample,S1,0.08343,0.206054,3,,0.6,auto-preclass seed
20250813_104205.jpg,20250813_104205,3,sample,S2,0.206054,0.350019,3,,0.6,auto-preclass seed
20250813_104205.jpg,20250813_104205,4,sample,S3,0.350019,0.433062,3,,0.6,auto-preclass seed
20250813_104205.jpg,20250813_104205,5,sample,S4,0.433062,0.507179,3,,0.6,auto-preclass seed
20250813_104205.jpg,20250813_104205,6,sample,S5,0.507179,0.6461,3,,0.6,auto-preclass seed
20250813_104205.jpg,20250813_104205,7,sample,S6,0.6461,0.778813,3,,0.6,auto-preclass seed
20250813_104205.jpg,20250813_104205,8,sample,S7,0.778813,0.859139,3,,0.6,auto-preclass seed
20250813_104205.jpg,20250813_104205,9,marker,M2,0.859139,1.0,8,,0.8,auto-preclass seed
20250815_143812.jpg,20250815_143812,1,marker,M1,0.0,0.23914,8,,0.8,auto-preclass seed
20250815_143812.jpg,20250815_143812,2,sample,S1,0.23914,0.457191,3,,0.6,auto-preclass seed
20250815_143812.jpg,20250815_143812,3,sample,S2,0.457191,0.575285,3,,0.6,auto-preclass seed
20250815_143812.jpg,20250815_143812,4,sample,S3,0.575285,0.659216,3,,0.6,auto-preclass seed
20250815_143812.jpg,20250815_143812,5,sample,S4,0.659216,0.705188,3,,0.6,auto-preclass seed
20250815_143812.jpg,20250815_143812,6,sample,S5,0.705188,0.754956,3,,0.6,auto-preclass seed
20250815_143812.jpg,20250815_143812,7,sample,S6,0.754956,0.806833,3,,0.6,auto-preclass seed
20250815_143812.jpg,20250815_143812,8,sample,S7,0.806833,0.853226,3,,0.6,auto-preclass seed
20250815_143812.jpg,20250815_143812,9,marker,M2,0.853226,1.0,8,,0.8,auto-preclass seed
20250815_143834.jpg,20250815_143834,1,marker,M1,0.0,0.073069,8,,0.8,auto-preclass seed
20250815_143834.jpg,20250815_143834,2,sample,S1,0.073069,0.306889,3,,0.6,auto-preclass seed
20250815_143834.jpg,20250815_143834,3,sample,S2,0.306889,0.586639,3,,0.6,auto-preclass seed
20250815_143834.jpg,20250815_143834,4,sample,S3,0.586639,0.669311,3,,0.6,auto-preclass seed
20250815_143834.jpg,20250815_143834,5,sample,S4,0.669311,0.71357,3,,0.6,auto-preclass seed
20250815_143834.jpg,20250815_143834,6,sample,S5,0.71357,0.757829,3,,0.6,auto-preclass seed
20250815_143834.jpg,20250815_143834,7,sample,S6,0.757829,0.797912,3,,0.6,auto-preclass seed
20250815_143834.jpg,20250815_143834,8,sample,S7,0.797912,0.843841,3,,0.6,auto-preclass seed
20250815_143834.jpg,20250815_143834,9,marker,M2,0.843841,1.0,8,,0.8,auto-preclass seed
20250815_143858.jpg,20250815_143858,1,marker,M1,0.0,0.105492,8,,0.8,auto-preclass seed
20250815_143858.jpg,20250815_143858,2,sample,S1,0.105492,0.207722,3,,0.6,auto-preclass seed
20250815_143858.jpg,20250815_143858,3,sample,S2,0.207722,0.328439,3,,0.6,auto-preclass seed
20250815_143858.jpg,20250815_143858,4,sample,S3,0.328439,0.384992,3,,0.6,auto-preclass seed
20250815_143858.jpg,20250815_143858,5,sample,S4,0.384992,0.439913,3,,0.6,auto-preclass seed
20250815_143858.jpg,20250815_143858,6,sample,S5,0.439913,0.529636,3,,0.6,auto-preclass seed
20250815_143858.jpg,20250815_143858,7,sample,S6,0.529636,0.640022,3,,0.6,auto-preclass seed
20250815_143858.jpg,20250815_143858,8,sample,S7,0.640022,0.750952,3,,0.6,auto-preclass seed
20250815_143858.jpg,20250815_143858,9,marker,M2,0.750952,1.0,8,,0.8,auto-preclass seed
20250815_143918.jpg,20250815_143918,1,marker,M1,0.0,0.218231,8,,0.8,auto-preclass seed
20250815_143918.jpg,20250815_143918,2,sample,S1,0.218231,0.338338,3,,0.6,auto-preclass seed
20250815_143918.jpg,20250815_143918,3,sample,S2,0.338338,0.396247,3,,0.6,auto-preclass seed
20250815_143918.jpg,20250815_143918,4,sample,S3,0.396247,0.449866,3,,0.6,auto-preclass seed
20250815_143918.jpg,20250815_143918,5,sample,S4,0.449866,0.50563,3,,0.6,auto-preclass seed
20250815_143918.jpg,20250815_143918,6,sample,S5,0.50563,0.559786,3,,0.6,auto-preclass seed
20250815_143918.jpg,20250815_143918,7,sample,S6,0.559786,0.642359,3,,0.6,auto-preclass seed
20250815_143918.jpg,20250815_143918,8,sample,S7,0.642359,0.752279,3,,0.6,auto-preclass seed
20250815_143918.jpg,20250815_143918,9,marker,M2,0.752279,1.0,8,,0.8,auto-preclass seed
de-natured.jpg,de-natured,1,marker,M1,0.0,0.058412,8,,0.8,auto-preclass seed
de-natured.jpg,de-natured,2,sample,S1,0.058412,0.098266,3,,0.6,auto-preclass seed
de-natured.jpg,de-natured,3,sample,S2,0.098266,0.139945,3,,0.6,auto-preclass seed
de-natured.jpg,de-natured,4,sample,S3,0.139945,0.336781,3,,0.6,auto-preclass seed
de-natured.jpg,de-natured,5,sample,S4,0.336781,0.532705,3,,0.6,auto-preclass seed
de-natured.jpg,de-natured,6,sample,S5,0.532705,0.607545,3,,0.6,auto-preclass seed
de-natured.jpg,de-natured,7,sample,S6,0.607545,0.682994,3,,0.6,auto-preclass seed
de-natured.jpg,de-natured,8,sample,S7,0.682994,0.804685,3,,0.6,auto-preclass seed
de-natured.jpg,de-natured,9,marker,M2,0.804685,1.0,8,,0.8,auto-preclass seed
native.jpg,native,1,marker,M1,0.0,0.101284,8,,0.8,auto-preclass seed
native.jpg,native,2,sample,S1,0.101284,0.143316,3,,0.6,auto-preclass seed
native.jpg,native,3,sample,S2,0.143316,0.185347,3,,0.6,auto-preclass seed
native.jpg,native,4,sample,S3,0.185347,0.242557,3,,0.6,auto-preclass seed
native.jpg,native,5,sample,S4,0.242557,0.410683,3,,0.6,auto-preclass seed
native.jpg,native,6,sample,S5,0.410683,0.612376,3,,0.6,auto-preclass seed
native.jpg,native,7,sample,S6,0.612376,0.784297,3,,0.6,auto-preclass seed
native.jpg,native,8,sample,S7,0.784297,0.90251,3,,0.6,auto-preclass seed
native.jpg,native,9,marker,M2,0.90251,1.0,8,,0.8,auto-preclass seed
