image_id,gel_id,lane_index,lane_type,alias,band_index,x_norm,y_norm,w_norm,h_norm,y_center_norm,height_norm,intensity_norm,confidence,label
20240517_174014.jpg,20240517_174014,1,marker,M1,1,0.00325,0.001,0.0355,0.998,0.5,0.998,0.872329,0.872329,band
20240517_174014.jpg,20240517_174014,1,marker,M1,2,0.00325,0.001,0.0355,0.301667,0.151833,0.301667,0.99439,0.99439,band
20240517_174014.jpg,20240517_174014,1,marker,M1,3,0.00325,0.001,0.0355,0.301,0.1515,0.301,1.0,1.0,band
20240517_174014.jpg,20240517_174014,1,marker,M1,4,0.00325,0.001,0.0355,0.998,0.5,0.998,0.826215,0.826215,band
20240517_174014.jpg,20240517_174014,2,sample,L2,1,0.04575,0.001,0.0425,0.998,0.5,0.998,0.427723,0.427723,band
20240517_174014.jpg,20240517_174014,2,sample,L2,2,0.04575,0.072,0.0425,0.041,0.0925,0.041,0.768804,0.768804,band
20240517_174014.jpg,20240517_174014,2,sample,L2,3,0.04575,0.133333,0.0425,0.033333,0.15,0.033333,0.841304,0.841304,band
20240517_174014.jpg,20240517_174014,2,sample,L2,4,0.04575,0.232667,0.0425,0.039333,0.252333,0.039333,0.912027,0.912027,band
20240517_174014.jpg,20240517_174014,2,sample,L2,5,0.04575,0.320333,0.0425,0.038,0.339333,0.038,0.949541,0.949541,band
20240517_174014.jpg,20240517_174014,2,sample,L2,6,0.04575,0.457667,0.0425,0.040333,0.477833,0.040333,0.944372,0.944372,band
20240517_174014.jpg,20240517_174014,2,sample,L2,7,0.04575,0.560333,0.0425,0.034,0.577333,0.034,0.865335,0.865335,band
20240517_174014.jpg,20240517_174014,2,sample,L2,8,0.04575,0.664,0.0425,0.040333,0.684167,0.040333,0.870063,0.870063,band
20240517_174014.jpg,20240517_174014,2,sample,L2,9,0.04575,0.755,0.0425,0.038,0.774,0.038,1.0,1.0,band
20240517_174014.jpg,20240517_174014,2,sample,L2,10,0.04575,0.001,0.0425,0.998,0.5,0.998,0.407511,0.407511,band
20240517_174014.jpg,20240517_174014,3,sample,L3,1,0.1035,0.001,0.1305,0.998,0.5,0.998,0.604057,0.604057,band
20240517_174014.jpg,20240517_174014,3,sample,L3,2,0.1035,0.001333,0.1305,0.997333,0.5,0.997333,0.837598,0.837598,band
20240517_174014.jpg,20240517_174014,3,sample,L3,3,0.1035,0.001333,0.1305,0.997333,0.5,0.997333,0.844645,0.844645,band
20240517_174014.jpg,20240517_174014,3,sample,L3,4,0.1035,0.001333,0.1305,0.997333,0.5,0.997333,0.844239,0.844239,band
20240517_174014.jpg,20240517_174014,3,sample,L3,5,0.1035,0.001667,0.1305,0.996667,0.5,0.996667,0.889159,0.889159,band
20240517_174014.jpg,20240517_174014,3,sample,L3,6,0.1035,0.314667,0.1305,0.207333,0.418333,0.207333,1.0,1.0,band
20240517_174014.jpg,20240517_174014,3,sample,L3,7,0.1035,0.001,0.1305,0.998,0.5,0.998,0.590645,0.590645,band
20240517_174014.jpg,20240517_174014,3,sample,L3,8,0.1035,0.001333,0.1305,0.997333,0.5,0.997333,0.801123,0.801123,band
20240517_174014.jpg,20240517_174014,3,sample,L3,9,0.1035,0.001333,0.1305,0.997333,0.5,0.997333,0.758629,0.758629,band
20240517_174014.jpg,20240517_174014,3,sample,L3,10,0.1035,0.001333,0.1305,0.997333,0.5,0.997333,0.766224,0.766224,band
20240517_174014.jpg,20240517_174014,3,sample,L3,11,0.1035,0.001333,0.1305,0.997333,0.5,0.997333,0.705339,0.705339,band
20240517_174014.jpg,20240517_174014,3,sample,L3,12,0.1035,0.001,0.1305,0.998,0.5,0.998,0.612782,0.612782,band
20240517_174014.jpg,20240517_174014,4,sample,L4,1,0.2685,0.001,0.2585,0.998,0.5,0.998,0.575003,0.575003,band
20240517_174014.jpg,20240517_174014,4,sample,L4,2,0.2685,0.001,0.2585,0.998,0.5,0.998,0.593855,0.593855,band
20240517_174014.jpg,20240517_174014,4,sample,L4,3,0.2685,0.001667,0.2585,0.997,0.500167,0.997,0.845395,0.845395,band
20240517_174014.jpg,20240517_174014,4,sample,L4,4,0.2685,0.688,0.2585,0.238,0.807,0.238,1.0,1.0,band
20240517_174014.jpg,20240517_174014,4,sample,L4,5,0.2685,0.001,0.2585,0.998,0.5,0.998,0.616546,0.616546,band
20240517_174014.jpg,20240517_174014,5,sample,L5,1,0.56375,0.001,0.156,0.998,0.5,0.998,0.496063,0.496063,band
20240517_174014.jpg,20240517_174014,5,sample,L5,2,0.56375,0.388667,0.156,0.126333,0.451833,0.126333,0.866661,0.866661,band
20240517_174014.jpg,20240517_174014,5,sample,L5,3,0.56375,0.834667,0.156,0.080667,0.875,0.080667,1.0,1.0,band
20240517_174014.jpg,20240517_174014,5,sample,L5,4,0.56375,0.001,0.156,0.998,0.5,0.998,0.530909,0.530909,band
20240517_174014.jpg,20240517_174014,6,sample,L6,1,0.737,0.001,0.03575,0.998333,0.500167,0.998333,0.471784,0.471784,band
20240517_174014.jpg,20240517_174014,6,sample,L6,2,0.737,0.001,0.03575,0.998333,0.500167,0.998333,0.505618,0.505618,band
20240517_174014.jpg,20240517_174014,6,sample,L6,3,0.737,0.001333,0.03575,0.997667,0.500167,0.997667,0.576082,0.576082,band
20240517_174014.jpg,20240517_174014,6,sample,L6,4,0.737,0.001,0.03575,0.998333,0.500167,0.998333,0.509296,0.509296,band
20240517_174014.jpg,20240517_174014,6,sample,L6,5,0.737,0.001,0.03575,0.998333,0.500167,0.998333,0.457964,0.457964,band
20240517_174014.jpg,20240517_174014,6,sample,L6,6,0.737,0.393667,0.03575,0.120333,0.453833,0.120333,1.0,1.0,band
20240517_174014.jpg,20240517_174014,6,sample,L6,7,0.737,0.792667,0.03575,0.122667,0.854,0.122667,0.996476,0.996476,band
20240517_174014.jpg,20240517_174014,6,sample,L6,8,0.737,0.792667,0.03575,0.122333,0.853833,0.122333,0.997903,0.997903,band
20240517_174014.jpg,20240517_174014,6,sample,L6,9,0.737,0.001333,0.03575,0.997667,0.500167,0.997667,0.550069,0.550069,band
20240517_174014.jpg,20240517_174014,7,sample,L7,1,0.786,0.001,0.11325,0.998333,0.500167,0.998333,0.423235,0.423235,band
20240517_174014.jpg,20240517_174014,7,sample,L7,2,0.786,0.001667,0.11325,0.177333,0.090333,0.177333,0.704966,0.704966,band
20240517_174014.jpg,20240517_174014,7,sample,L7,3,0.786,0.134667,0.11325,0.040667,0.155,0.040667,0.760004,0.760004,band
20240517_174014.jpg,20240517_174014,7,sample,L7,4,0.786,0.238667,0.11325,0.039667,0.2585,0.039667,0.837535,0.837535,band
20240517_174014.jpg,20240517_174014,7,sample,L7,5,0.786,0.327,0.11325,0.039333,0.346667,0.039333,0.862619,0.862619,band
20240517_174014.jpg,20240517_174014,7,sample,L7,6,0.786,0.468667,0.11325,0.038667,0.488,0.038667,0.897869,0.897869,band
20240517_174014.jpg,20240517_174014,7,sample,L7,7,0.786,0.571667,0.11325,0.030667,0.587,0.030667,0.828416,0.828416,band
20240517_174014.jpg,20240517_174014,7,sample,L7,8,0.786,0.673667,0.11325,0.039667,0.6935,0.039667,0.8071,0.8071,band
20240517_174014.jpg,20240517_174014,7,sample,L7,9,0.786,0.76,0.11325,0.036667,0.778333,0.036667,0.857102,0.857102,band
20240517_174014.jpg,20240517_174014,7,sample,L7,10,0.786,0.862667,0.11325,0.036,0.880667,0.036,1.0,1.0,band
20240517_174014.jpg,20240517_174014,7,sample,L7,11,0.786,0.001,0.11325,0.998,0.5,0.998,0.478237,0.478237,band
20240517_174014.jpg,20240517_174014,8,marker,M2,1,0.916,0.001,0.077,0.998,0.5,0.998,0.949713,0.949713,band
20240517_174014.jpg,20240517_174014,8,marker,M2,2,0.916,0.001,0.077,0.998,0.5,0.998,1.0,1.0,band
20241011_174239.jpg,20241011_174239,1,marker,M1,1,0.026388,0.000582,0.297998,0.999418,0.500291,0.999418,0.457072,0.457072,band
20241011_174239.jpg,20241011_174239,1,marker,M1,2,0.026388,0.001745,0.297998,0.997673,0.500582,0.997673,0.839617,0.839617,band
20241011_174239.jpg,20241011_174239,1,marker,M1,3,0.026388,0.018034,0.297998,0.980803,0.508435,0.980803,0.959453,0.959453,band
20241011_174239.jpg,20241011_174239,1,marker,M1,4,0.026388,0.001745,0.297998,0.997091,0.500291,0.997091,0.888689,0.888689,band
20241011_174239.jpg,20241011_174239,1,marker,M1,5,0.026388,0.03025,0.297998,0.968586,0.514543,0.968586,1.0,1.0,band
20241011_174239.jpg,20241011_174239,2,sample,L2,1,0.353503,0.001163,0.030937,0.998837,0.500582,0.998837,0.442919,0.442919,band
20241011_174239.jpg,20241011_174239,2,sample,L2,2,0.353503,0.001163,0.030937,0.998255,0.500291,0.998255,0.604297,0.604297,band
20241011_174239.jpg,20241011_174239,2,sample,L2,3,0.353503,0.001745,0.030937,0.997091,0.500291,0.997091,0.863904,0.863904,band
20241011_174239.jpg,20241011_174239,2,sample,L2,4,0.353503,0.049447,0.030937,0.949389,0.524142,0.949389,0.97627,0.97627,band
20241011_174239.jpg,20241011_174239,2,sample,L2,5,0.353503,0.036067,0.030937,0.962769,0.517452,0.962769,0.930942,0.930942,band
20241011_174239.jpg,20241011_174239,2,sample,L2,6,0.353503,0.051193,0.030937,0.947644,0.525015,0.947644,0.990538,0.990538,band
20241011_174239.jpg,20241011_174239,2,sample,L2,7,0.353503,0.041885,0.030937,0.956952,0.520361,0.956952,0.940815,0.940815,band
20241011_174239.jpg,20241011_174239,2,sample,L2,8,0.353503,0.051774,0.030937,0.947062,0.525305,0.947062,1.0,1.0,band
20241011_174239.jpg,20241011_174239,3,sample,L3,1,0.390355,0.001163,0.030027,0.998837,0.500582,0.998837,0.442164,0.442164,band
20241011_174239.jpg,20241011_174239,3,sample,L3,2,0.390355,0.04363,0.030027,0.955207,0.521233,0.955207,0.942553,0.942553,band
20241011_174239.jpg,20241011_174239,3,sample,L3,3,0.390355,0.035486,0.030027,0.963351,0.517161,0.963351,0.917444,0.917444,band
20241011_174239.jpg,20241011_174239,3,sample,L3,4,0.390355,0.05701,0.030027,0.941827,0.527923,0.941827,0.995239,0.995239,band
20241011_174239.jpg,20241011_174239,3,sample,L3,5,0.390355,0.045957,0.030027,0.95288,0.522397,0.95288,0.946692,0.946692,band
20241011_174239.jpg,20241011_174239,3,sample,L3,6,0.390355,0.057592,0.030027,0.941245,0.528214,0.941245,1.0,1.0,band
20241011_174239.jpg,20241011_174239,3,sample,L3,7,0.390355,0.001163,0.030027,0.998837,0.500582,0.998837,0.528995,0.528995,band
20241011_174239.jpg,20241011_174239,4,sample,L4,1,0.425842,0.001163,0.030482,0.998837,0.500582,0.998837,0.45997,0.45997,band
20241011_174239.jpg,20241011_174239,4,sample,L4,2,0.425842,0.001745,0.030482,0.997091,0.500291,0.997091,0.884237,0.884237,band
20241011_174239.jpg,20241011_174239,4,sample,L4,3,0.425842,0.054683,0.030482,0.944154,0.52676,0.944154,1.0,1.0,band
20241011_174239.jpg,20241011_174239,4,sample,L4,4,0.425842,0.032577,0.030482,0.966259,0.515707,0.966259,0.943235,0.943235,band
20241011_174239.jpg,20241011_174239,4,sample,L4,5,0.425842,0.051774,0.030482,0.947062,0.525305,0.947062,0.973208,0.973208,band
20241011_174239.jpg,20241011_174239,5,sample,L5,1,0.463148,0.001163,0.046406,0.998837,0.500582,0.998837,0.451863,0.451863,band
20241011_174239.jpg,20241011_174239,5,sample,L5,2,0.463148,0.001163,0.046406,0.998255,0.500291,0.998255,0.594901,0.594901,band
20241011_174239.jpg,20241011_174239,5,sample,L5,3,0.463148,0.001745,0.046406,0.997091,0.500291,0.997091,0.857962,0.857962,band
20241011_174239.jpg,20241011_174239,5,sample,L5,4,0.463148,0.055265,0.046406,0.943572,0.527051,0.943572,0.957171,0.957171,band
20241011_174239.jpg,20241011_174239,5,sample,L5,5,0.463148,0.031995,0.046406,0.966841,0.515416,0.966841,0.911343,0.911343,band
20241011_174239.jpg,20241011_174239,5,sample,L5,6,0.463148,0.063409,0.046406,0.935428,0.531123,0.935428,1.0,1.0,band
20241011_174239.jpg,20241011_174239,6,sample,L6,1,0.530027,0.001163,0.179254,0.998255,0.500291,0.998255,0.624465,0.624465,band
20241011_174239.jpg,20241011_174239,6,sample,L6,2,0.530027,0.001745,0.179254,0.997091,0.500291,0.997091,0.839825,0.839825,band
20241011_174239.jpg,20241011_174239,6,sample,L6,3,0.530027,0.055846,0.179254,0.94299,0.527341,0.94299,0.999225,0.999225,band
20241011_174239.jpg,20241011_174239,6,sample,L6,4,0.530027,0.026178,0.179254,0.972659,0.512507,0.972659,0.918943,0.918943,band
20241011_174239.jpg,20241011_174239,6,sample,L6,5,0.530027,0.055846,0.179254,0.94299,0.527341,0.94299,1.0,1.0,band
20241011_174239.jpg,20241011_174239,7,sample,L7,1,0.738854,0.001745,0.153776,0.997673,0.500582,0.997673,0.791178,0.791178,band
20241011_174239.jpg,20241011_174239,7,sample,L7,2,0.738854,0.001745,0.153776,0.997091,0.500291,0.997091,0.821531,0.821531,band
20241011_174239.jpg,20241011_174239,7,sample,L7,3,0.738854,0.016289,0.153776,0.982548,0.507563,0.982548,0.887991,0.887991,band
20241011_174239.jpg,20241011_174239,7,sample,L7,4,0.738854,0.019779,0.153776,0.979058,0.509308,0.979058,0.89957,0.89957,band
20241011_174239.jpg,20241011_174239,7,sample,L7,5,0.738854,0.022106,0.153776,0.976731,0.510471,0.976731,0.903848,0.903848,band
20241011_174239.jpg,20241011_174239,7,sample,L7,6,0.738854,0.001745,0.153776,0.997091,0.500291,0.997091,0.817666,0.817666,band
20241011_174239.jpg,20241011_174239,8,marker,M2,1,0.913103,0.001745,0.079618,0.997091,0.500291,0.997091,0.873298,0.873298,band
20241011_174239.jpg,20241011_174239,8,marker,M2,2,0.913103,0.001745,0.079618,0.997091,0.500291,0.997091,0.860424,0.860424,band
20241011_174239.jpg,20241011_174239,8,marker,M2,3,0.913103,0.001745,0.079618,0.997091,0.500291,0.997091,0.913831,0.913831,band
20241011_174239.jpg,20241011_174239,8,marker,M2,4,0.913103,0.001745,0.079618,0.997091,0.500291,0.997091,0.900583,0.900583,band
20241011_174239.jpg,20241011_174239,8,marker,M2,5,0.913103,0.001745,0.079618,0.997091,0.500291,0.997091,0.943419,0.943419,band
20241011_174239.jpg,20241011_174239,8,marker,M2,6,0.913103,0.001745,0.079618,0.997091,0.500291,0.997091,0.921702,0.921702,band
20241011_174239.jpg,20241011_174239,8,marker,M2,7,0.913103,0.001745,0.079618,0.997091,0.500291,0.997091,1.0,1.0,band
20241011_174239.jpg,20241011_174239,8,marker,M2,8,0.913103,0.001745,0.079618,0.997091,0.500291,0.997091,0.964113,0.964113,band
20241011_174239.jpg,20241011_174239,8,marker,M2,9,0.913103,0.001745,0.079618,0.997673,0.500582,0.997673,0.790105,0.790105,band
20250117_115640.jpg,20250117_115640,1,marker,M1,1,0.003454,0.000766,0.038305,0.997702,0.499617,0.997702,1.0,1.0,band
20250117_115640.jpg,20250117_115640,1,marker,M1,2,0.003454,0.000383,0.038305,0.998468,0.499617,0.998468,0.724727,0.724727,band
20250117_115640.jpg,20250117_115640,2,sample,L2,1,0.052119,0.000766,0.076923,0.998851,0.500191,0.998851,0.485103,0.485103,band
20250117_115640.jpg,20250117_115640,2,sample,L2,2,0.052119,0.001532,0.076923,0.997319,0.500191,0.997319,0.74165,0.74165,band
20250117_115640.jpg,20250117_115640,2,sample,L2,3,0.052119,0.001532,0.076923,0.997319,0.500191,0.997319,0.788546,0.788546,band
20250117_115640.jpg,20250117_115640,2,sample,L2,4,0.052119,0.219839,0.076923,0.778629,0.609154,0.778629,0.967476,0.967476,band
20250117_115640.jpg,20250117_115640,2,sample,L2,5,0.052119,0.225584,0.076923,0.384527,0.417848,0.384527,1.0,1.0,band
20250117_115640.jpg,20250117_115640,2,sample,L2,6,0.052119,0.001915,0.076923,0.996936,0.500383,0.996936,0.864292,0.864292,band
20250117_115640.jpg,20250117_115640,2,sample,L2,7,0.052119,0.001532,0.076923,0.997319,0.500191,0.997319,0.730418,0.730418,band
20250117_115640.jpg,20250117_115640,2,sample,L2,8,0.052119,0.001532,0.076923,0.997319,0.500191,0.997319,0.803799,0.803799,band
20250117_115640.jpg,20250117_115640,2,sample,L2,9,0.052119,0.001532,0.076923,0.997319,0.500191,0.997319,0.7833,0.7833,band
20250117_115640.jpg,20250117_115640,2,sample,L2,10,0.052119,0.13941,0.076923,0.859058,0.568939,0.859058,0.921367,0.921367,band
20250117_115640.jpg,20250117_115640,2,sample,L2,11,0.052119,0.001532,0.076923,0.997319,0.500191,0.997319,0.760641,0.760641,band
20250117_115640.jpg,20250117_115640,3,sample,L3,1,0.142857,0.001149,0.077237,0.998085,0.500191,0.998085,0.938743,0.938743,band
20250117_115640.jpg,20250117_115640,3,sample,L3,2,0.142857,0.001149,0.077237,0.998085,0.500191,0.998085,0.998514,0.998514,band
20250117_115640.jpg,20250117_115640,4,sample,L4,1,0.233909,0.001149,0.076923,0.998085,0.500191,0.998085,0.919501,0.919501,band
20250117_115640.jpg,20250117_115640,4,sample,L4,2,0.233909,0.001149,0.076923,0.998085,0.500191,0.998085,1.0,1.0,band
20250117_115640.jpg,20250117_115640,5,sample,L5,1,0.324647,0.001149,0.077237,0.998085,0.500191,0.998085,0.794569,0.794569,band
20250117_115640.jpg,20250117_115640,6,sample,L6,1,0.415699,0.001149,0.076923,0.998085,0.500191,0.998085,0.632677,0.632677,band
20250117_115640.jpg,20250117_115640,6,sample,L6,2,0.415699,0.001915,0.076923,0.996553,0.500191,0.996553,1.0,1.0,band
20250117_115640.jpg,20250117_115640,6,sample,L6,3,0.415699,0.001532,0.076923,0.996936,0.5,0.996936,0.868801,0.868801,band
20250117_115640.jpg,20250117_115640,7,sample,L7,1,0.506436,0.001149,0.077237,0.998085,0.500191,0.998085,0.578759,0.578759,band
20250117_115640.jpg,20250117_115640,8,sample,L8,1,0.597488,0.001149,0.076923,0.998468,0.500383,0.998468,0.457752,0.457752,band
20250117_115640.jpg,20250117_115640,8,sample,L8,2,0.597488,0.001532,0.076923,0.997702,0.500383,0.997702,0.58907,0.58907,band
20250117_115640.jpg,20250117_115640,9,sample,L9,1,0.688226,0.001149,0.077237,0.998085,0.500191,0.998085,0.46807,0.46807,band
20250117_115640.jpg,20250117_115640,9,sample,L9,2,0.688226,0.001532,0.077237,0.997702,0.500383,0.997702,0.556722,0.556722,band
20250117_115640.jpg,20250117_115640,10,sample,L10,1,0.779278,0.001149,0.076923,0.997702,0.5,0.997702,0.818744,0.818744,band
20250117_115640.jpg,20250117_115640,10,sample,L10,2,0.779278,0.001532,0.076923,0.996936,0.5,0.996936,0.993161,0.993161,band
20250117_115640.jpg,20250117_115640,10,sample,L10,3,0.779278,0.001149,0.076923,0.997702,0.5,0.997702,0.80966,0.80966,band
20250117_115640.jpg,20250117_115640,11,sample,L11,1,0.870016,0.001149,0.077237,0.997702,0.5,0.997702,0.95084,0.95084,band
20250117_115640.jpg,20250117_115640,12,marker,M2,1,0.957614,0.001149,0.038932,0.998468,0.500383,0.998468,0.805725,0.805725,band
20250117_115640.jpg,20250117_115640,12,marker,M2,2,0.957614,0.001149,0.038932,0.998085,0.500191,0.998085,1.0,1.0,band
20250117_125801.jpg,20250117_125801,1,marker,M1,1,0.007605,0.000964,0.084411,0.998073,0.5,0.998073,0.378478,0.378478,band
20250117_125801.jpg,20250117_125801,1,marker,M1,2,0.007605,0.001606,0.084411,0.560231,0.281722,0.560231,0.602774,0.602774,band
20250117_125801.jpg,20250117_125801,1,marker,M1,3,0.007605,0.001606,0.084411,0.553485,0.278349,0.553485,0.631749,0.631749,band
20250117_125801.jpg,20250117_125801,1,marker,M1,4,0.007605,0.319306,0.084411,0.034051,0.336332,0.034051,0.755526,0.755526,band
20250117_125801.jpg,20250117_125801,1,marker,M1,5,0.007605,0.395117,0.084411,0.035336,0.412785,0.035336,0.795378,0.795378,band
20250117_125801.jpg,20250117_125801,1,marker,M1,6,0.007605,0.511725,0.084411,0.040475,0.531963,0.040475,0.698381,0.698381,band
20250117_125801.jpg,20250117_125801,1,marker,M1,7,0.007605,0.612271,0.084411,0.047221,0.635882,0.047221,0.603645,0.603645,band
20250117_125801.jpg,20250117_125801,1,marker,M1,8,0.007605,0.724703,0.084411,0.0469,0.748153,0.0469,0.651069,0.651069,band
20250117_125801.jpg,20250117_125801,1,marker,M1,9,0.007605,0.804369,0.084411,0.030517,0.819627,0.030517,0.712068,0.712068,band
20250117_125801.jpg,20250117_125801,1,marker,M1,10,0.007605,0.888532,0.084411,0.02088,0.898972,0.02088,1.0,1.0,band
20250117_125801.jpg,20250117_125801,1,marker,M1,11,0.007605,0.932862,0.084411,0.021201,0.943463,0.021201,0.985119,0.985119,band
20250117_125801.jpg,20250117_125801,2,sample,L2,1,0.104563,0.000964,0.056274,0.998394,0.500161,0.998394,0.430422,0.430422,band
20250117_125801.jpg,20250117_125801,2,sample,L2,2,0.104563,0.193383,0.056274,0.034051,0.210408,0.034051,0.773876,0.773876,band
20250117_125801.jpg,20250117_125801,2,sample,L2,3,0.104563,0.240283,0.056274,0.026984,0.253774,0.026984,0.806884,0.806884,band
20250117_125801.jpg,20250117_125801,2,sample,L2,4,0.104563,0.326373,0.056274,0.029553,0.34115,0.029553,0.961721,0.961721,band
20250117_125801.jpg,20250117_125801,2,sample,L2,5,0.104563,0.402506,0.056274,0.030196,0.417604,0.030196,1.0,1.0,band
20250117_125801.jpg,20250117_125801,2,sample,L2,6,0.104563,0.522004,0.056274,0.035978,0.539994,0.035978,0.830358,0.830358,band
20250117_125801.jpg,20250117_125801,2,sample,L2,7,0.104563,0.622229,0.056274,0.05204,0.648249,0.05204,0.6668,0.6668,band
20250117_125801.jpg,20250117_125801,2,sample,L2,8,0.104563,0.001285,0.056274,0.997751,0.500161,0.997751,0.578792,0.578792,band
20250117_125801.jpg,20250117_125801,2,sample,L2,9,0.104563,0.001285,0.056274,0.997751,0.500161,0.997751,0.50255,0.50255,band
20250117_125801.jpg,20250117_125801,2,sample,L2,10,0.104563,0.001606,0.056274,0.997109,0.500161,0.997109,0.624827,0.624827,band
20250117_125801.jpg,20250117_125801,2,sample,L2,11,0.104563,0.70575,0.056274,0.292965,0.852233,0.292965,0.638246,0.638246,band
20250117_125801.jpg,20250117_125801,2,sample,L2,12,0.104563,0.884677,0.056274,0.113395,0.941375,0.113395,0.866595,0.866595,band
20250117_125801.jpg,20250117_125801,2,sample,L2,13,0.104563,0.858978,0.056274,0.139415,0.928686,0.139415,0.81009,0.81009,band
20250117_125801.jpg,20250117_125801,3,sample,L3,1,0.171103,0.000964,0.056654,0.998394,0.500161,0.998394,0.426445,0.426445,band
20250117_125801.jpg,20250117_125801,3,sample,L3,2,0.171103,0.484741,0.056654,0.513974,0.741728,0.513974,0.728257,0.728257,band
20250117_125801.jpg,20250117_125801,3,sample,L3,3,0.171103,0.821394,0.056654,0.177321,0.910055,0.177321,0.781164,0.781164,band
20250117_125801.jpg,20250117_125801,3,sample,L3,4,0.171103,0.891744,0.056654,0.106328,0.944908,0.106328,1.0,1.0,band
20250117_125801.jpg,20250117_125801,4,sample,L4,1,0.238023,0.000964,0.056274,0.998073,0.5,0.998073,0.570125,0.570125,band
20250117_125801.jpg,20250117_125801,4,sample,L4,2,0.238023,0.924189,0.056274,0.074205,0.961291,0.074205,1.0,1.0,band
20250117_125801.jpg,20250117_125801,5,sample,L5,1,0.304563,0.000964,0.056274,0.998073,0.5,0.998073,0.962196,0.962196,band
20250117_125801.jpg,20250117_125801,5,sample,L5,2,0.304563,0.000964,0.056274,0.997751,0.499839,0.997751,1.0,1.0,band
20250117_125801.jpg,20250117_125801,6,sample,L6,1,0.371103,0.000964,0.056274,0.997751,0.499839,0.997751,1.0,1.0,band
20250117_125801.jpg,20250117_125801,6,sample,L6,2,0.371103,0.000642,0.056274,0.998073,0.499679,0.998073,0.981927,0.981927,band
20250117_125801.jpg,20250117_125801,6,sample,L6,3,0.371103,0.000642,0.056274,0.998394,0.499839,0.998394,0.810484,0.810484,band
20250117_125801.jpg,20250117_125801,7,sample,L7,1,0.437643,0.000964,0.056654,0.998073,0.5,0.998073,0.569259,0.569259,band
20250117_125801.jpg,20250117_125801,7,sample,L7,2,0.437643,0.000964,0.056654,0.998073,0.5,0.998073,0.597532,0.597532,band
20250117_125801.jpg,20250117_125801,7,sample,L7,3,0.437643,0.001285,0.056654,0.99743,0.5,0.99743,0.76662,0.76662,band
20250117_125801.jpg,20250117_125801,7,sample,L7,4,0.437643,0.891744,0.056654,0.10665,0.945069,0.10665,1.0,1.0,band
20250117_125801.jpg,20250117_125801,7,sample,L7,5,0.437643,0.001285,0.056654,0.99743,0.5,0.99743,0.70808,0.70808,band
20250117_125801.jpg,20250117_125801,8,marker,M2,1,0.504563,0.000964,0.056274,0.998073,0.5,0.998073,0.270646,0.270646,band
20250117_125801.jpg,20250117_125801,8,marker,M2,2,0.504563,0.207196,0.056274,0.020238,0.217314,0.020238,0.677158,0.677158,band
20250117_125801.jpg,20250117_125801,8,marker,M2,3,0.504563,0.250562,0.056274,0.022165,0.261645,0.022165,0.735782,0.735782,band
20250117_125801.jpg,20250117_125801,8,marker,M2,4,0.504563,0.339865,0.056274,0.027305,0.353518,0.027305,0.903976,0.903976,band
20250117_125801.jpg,20250117_125801,8,marker,M2,5,0.504563,0.419531,0.056274,0.028269,0.433665,0.028269,1.0,1.0,band
20250117_125801.jpg,20250117_125801,8,marker,M2,6,0.504563,0.54417,0.056274,0.029875,0.559107,0.029875,0.863509,0.863509,band
20250117_125801.jpg,20250117_125801,8,marker,M2,7,0.504563,0.648892,0.056274,0.021201,0.659492,0.021201,0.77133,0.77133,band
20250117_125801.jpg,20250117_125801,8,marker,M2,8,0.504563,0.75008,0.056274,0.024414,0.762287,0.024414,0.77932,0.77932,band
20250117_125801.jpg,20250117_125801,8,marker,M2,9,0.504563,0.825891,0.056274,0.019274,0.835528,0.019274,0.777209,0.777209,band
20250117_125801.jpg,20250117_125801,8,marker,M2,10,0.504563,0.904272,0.056274,0.017347,0.912946,0.017347,0.87328,0.87328,band
20250117_125801.jpg,20250117_125801,8,marker,M2,11,0.504563,0.948603,0.056274,0.015098,0.956152,0.015098,0.910045,0.910045,band
20250117_125801.jpg,20250117_125801,9,sample,L9,1,0.571103,0.000964,0.056274,0.997751,0.499839,0.997751,0.4189,0.4189,band
20250117_125801.jpg,20250117_125801,9,sample,L9,2,0.571103,0.001285,0.056274,0.997109,0.499839,0.997109,0.55363,0.55363,band
20250117_125801.jpg,20250117_125801,9,sample,L9,3,0.571103,0.001285,0.056274,0.997109,0.499839,0.997109,0.543757,0.543757,band
20250117_125801.jpg,20250117_125801,9,sample,L9,4,0.571103,0.001285,0.056274,0.997109,0.499839,0.997109,0.568133,0.568133,band
20250117_125801.jpg,20250117_125801,9,sample,L9,5,0.571103,0.400578,0.056274,0.594925,0.69804,0.594925,0.889502,0.889502,band
20250117_125801.jpg,20250117_125801,9,sample,L9,6,0.571103,0.39833,0.056274,0.597816,0.697237,0.597816,0.862601,0.862601,band
20250117_125801.jpg,20250117_125801,9,sample,L9,7,0.571103,0.001606,0.056274,0.996466,0.499839,0.996466,0.670922,0.670922,band
20250117_125801.jpg,20250117_125801,9,sample,L9,8,0.571103,0.001606,0.056274,0.996466,0.499839,0.996466,0.671754,0.671754,band
20250117_125801.jpg,20250117_125801,9,sample,L9,9,0.571103,0.001606,0.056274,0.996466,0.499839,0.996466,0.695874,0.695874,band
20250117_125801.jpg,20250117_125801,9,sample,L9,10,0.571103,0.387086,0.056274,0.610344,0.692258,0.610344,0.774985,0.774985,band
20250117_125801.jpg,20250117_125801,10,sample,L10,1,0.637643,0.000642,0.056274,0.998073,0.499679,0.998073,0.310571,0.310571,band
20250117_125801.jpg,20250117_125801,10,sample,L10,2,0.637643,0.397687,0.056274,0.597173,0.696274,0.597173,0.651437,0.651437,band
20250117_125801.jpg,20250117_125801,11,sample,L11,1,0.704183,0.000642,0.056654,0.998073,0.499679,0.998073,0.404822,0.404822,band
20250117_125801.jpg,20250117_125801,11,sample,L11,2,0.704183,0.422422,0.056654,0.569226,0.707035,0.569226,1.0,1.0,band
20250117_125801.jpg,20250117_125801,11,sample,L11,3,0.704183,0.399293,0.056654,0.597494,0.69804,0.597494,0.778518,0.778518,band
20250117_125801.jpg,20250117_125801,12,sample,L12,1,0.771103,0.000964,0.056274,0.998073,0.5,0.998073,0.388594,0.388594,band
20250117_125801.jpg,20250117_125801,12,sample,L12,2,0.771103,0.423065,0.056274,0.273691,0.55991,0.273691,1.0,1.0,band
20250117_125801.jpg,20250117_125801,12,sample,L12,3,0.771103,0.385801,0.056274,0.612271,0.691937,0.612271,0.704848,0.704848,band
20250117_125801.jpg,20250117_125801,13,sample,L13,1,0.837643,0.000964,0.056274,0.998073,0.5,0.998073,0.771516,0.771516,band
20250117_125801.jpg,20250117_125801,13,sample,L13,2,0.837643,0.001285,0.056274,0.99743,0.5,0.99743,1.0,1.0,band
20250117_125801.jpg,20250117_125801,14,sample,L14,1,0.904183,0.000964,0.056654,0.998073,0.5,0.998073,0.806442,0.806442,band
20250117_125801.jpg,20250117_125801,14,sample,L14,2,0.904183,0.001285,0.056654,0.99743,0.5,0.99743,1.0,1.0,band
20250117_125801.jpg,20250117_125801,15,sample,L15,1,0.968821,0.000642,0.028517,0.998073,0.499679,0.998073,1.0,1.0,band
20250122_133449.jpg,20250122_133449,1,marker,M1,1,0.003949,0.001067,0.042124,0.998933,0.500534,0.998933,0.328199,0.328199,band
20250122_133449.jpg,20250122_133449,1,marker,M1,2,0.003949,0.001601,0.042124,0.997866,0.500534,0.997866,0.511224,0.511224,band
20250122_133449.jpg,20250122_133449,1,marker,M1,3,0.003949,0.001601,0.042124,0.997866,0.500534,0.997866,0.554017,0.554017,band
20250122_133449.jpg,20250122_133449,1,marker,M1,4,0.003949,0.1254,0.042124,0.873533,0.562166,0.873533,0.672207,0.672207,band
20250122_133449.jpg,20250122_133449,1,marker,M1,5,0.003949,0.177161,0.042124,0.821772,0.588047,0.821772,0.711864,0.711864,band
20250122_133449.jpg,20250122_133449,1,marker,M1,6,0.003949,0.148346,0.042124,0.850587,0.573639,0.850587,0.68735,0.68735,band
20250122_133449.jpg,20250122_133449,1,marker,M1,7,0.003949,0.112593,0.042124,0.886339,0.555763,0.886339,0.664681,0.664681,band
20250122_133449.jpg,20250122_133449,1,marker,M1,8,0.003949,0.192102,0.042124,0.80683,0.595518,0.80683,0.724241,0.724241,band
20250122_133449.jpg,20250122_133449,1,marker,M1,9,0.003949,0.216115,0.042124,0.782818,0.607524,0.782818,0.752463,0.752463,band
20250122_133449.jpg,20250122_133449,1,marker,M1,10,0.003949,0.878335,0.042124,0.120064,0.938367,0.120064,0.99727,0.99727,band
20250122_133449.jpg,20250122_133449,1,marker,M1,11,0.003949,0.878335,0.042124,0.11953,0.9381,0.11953,1.0,1.0,band
20250122_133449.jpg,20250122_133449,2,sample,L2,1,0.055287,0.000534,0.060553,0.999466,0.500267,0.999466,0.374679,0.374679,band
20250122_133449.jpg,20250122_133449,2,sample,L2,2,0.055287,0.082711,0.060553,0.916222,0.540822,0.916222,0.77352,0.77352,band
20250122_133449.jpg,20250122_133449,2,sample,L2,3,0.055287,0.155283,0.060553,0.84365,0.577108,0.84365,0.821266,0.821266,band
20250122_133449.jpg,20250122_133449,2,sample,L2,4,0.055287,0.33778,0.060553,0.354322,0.514941,0.354322,0.972764,0.972764,band
20250122_133449.jpg,20250122_133449,2,sample,L2,5,0.055287,0.39381,0.060553,0.290288,0.538954,0.290288,0.982752,0.982752,band
20250122_133449.jpg,20250122_133449,2,sample,L2,6,0.055287,0.220918,0.060553,0.778015,0.609925,0.778015,0.901268,0.901268,band
20250122_133449.jpg,20250122_133449,2,sample,L2,7,0.055287,0.138207,0.060553,0.860726,0.56857,0.860726,0.807355,0.807355,band
20250122_133449.jpg,20250122_133449,2,sample,L2,8,0.055287,0.084845,0.060553,0.914088,0.541889,0.914088,0.776458,0.776458,band
20250122_133449.jpg,20250122_133449,2,sample,L2,9,0.055287,0.001601,0.060553,0.997332,0.500267,0.997332,0.73365,0.73365,band
20250122_133449.jpg,20250122_133449,2,sample,L2,10,0.055287,0.21238,0.060553,0.786553,0.605656,0.786553,0.876926,0.876926,band
20250122_133449.jpg,20250122_133449,2,sample,L2,11,0.055287,0.716649,0.060553,0.28175,0.857524,0.28175,1.0,1.0,band
20250122_133449.jpg,20250122_133449,2,sample,L2,12,0.055287,0.08111,0.060553,0.917823,0.540021,0.917823,0.771971,0.771971,band
20250122_133449.jpg,20250122_133449,3,sample,L3,1,0.127688,0.001067,0.068012,0.998399,0.500267,0.998399,0.421987,0.421987,band
20250122_133449.jpg,20250122_133449,3,sample,L3,2,0.127688,0.4381,0.068012,0.207044,0.541622,0.207044,1.0,1.0,band
20250122_133449.jpg,20250122_133449,3,sample,L3,3,0.127688,0.13127,0.068012,0.867663,0.565101,0.867663,0.724482,0.724482,band
20250122_133449.jpg,20250122_133449,4,sample,L4,1,0.222905,0.001067,0.236068,0.998933,0.500534,0.998933,0.343694,0.343694,band
20250122_133449.jpg,20250122_133449,4,sample,L4,2,0.222905,0.446105,0.236068,0.18143,0.53682,0.18143,1.0,1.0,band
20250122_133449.jpg,20250122_133449,5,sample,L5,1,0.500658,0.001067,0.232997,0.998933,0.500534,0.998933,0.56216,0.56216,band
20250122_133449.jpg,20250122_133449,5,sample,L5,2,0.500658,0.001067,0.232997,0.998933,0.500534,0.998933,0.655041,0.655041,band
20250122_133449.jpg,20250122_133449,5,sample,L5,3,0.500658,0.001067,0.232997,0.998399,0.500267,0.998399,0.745895,0.745895,band
20250122_133449.jpg,20250122_133449,5,sample,L5,4,0.500658,0.001601,0.232997,0.997866,0.500534,0.997866,0.975857,0.975857,band
20250122_133449.jpg,20250122_133449,5,sample,L5,5,0.500658,0.001601,0.232997,0.997866,0.500534,0.997866,0.875057,0.875057,band
20250122_133449.jpg,20250122_133449,5,sample,L5,6,0.500658,0.001601,0.232997,0.997866,0.500534,0.997866,0.967254,0.967254,band
20250122_133449.jpg,20250122_133449,5,sample,L5,7,0.500658,0.001601,0.232997,0.997866,0.500534,0.997866,1.0,1.0,band
20250122_133449.jpg,20250122_133449,5,sample,L5,8,0.500658,0.001601,0.232997,0.997866,0.500534,0.997866,0.947521,0.947521,band
20250122_133449.jpg,20250122_133449,6,marker,M2,1,0.772707,0.001067,0.208864,0.998933,0.500534,0.998933,0.523522,0.523522,band
20250122_133449.jpg,20250122_133449,6,marker,M2,2,0.772707,0.001067,0.208864,0.998399,0.500267,0.998399,0.777023,0.777023,band
20250122_133449.jpg,20250122_133449,6,marker,M2,3,0.772707,0.001601,0.208864,0.997866,0.500534,0.997866,0.790602,0.790602,band
20250122_133449.jpg,20250122_133449,6,marker,M2,4,0.772707,0.001601,0.208864,0.997866,0.500534,0.997866,0.848906,0.848906,band
20250122_133449.jpg,20250122_133449,6,marker,M2,5,0.772707,0.001601,0.208864,0.997866,0.500534,0.997866,0.856562,0.856562,band
20250122_133449.jpg,20250122_133449,6,marker,M2,6,0.772707,0.001601,0.208864,0.997866,0.500534,0.997866,0.849005,0.849005,band
20250122_133449.jpg,20250122_133449,6,marker,M2,7,0.772707,0.001601,0.208864,0.997866,0.500534,0.997866,0.853229,0.853229,band
20250122_133449.jpg,20250122_133449,6,marker,M2,8,0.772707,0.001601,0.208864,0.997866,0.500534,0.997866,0.873106,0.873106,band
20250122_133449.jpg,20250122_133449,6,marker,M2,9,0.772707,0.001601,0.208864,0.997866,0.500534,0.997866,0.884052,0.884052,band
20250122_133449.jpg,20250122_133449,6,marker,M2,10,0.772707,0.001601,0.208864,0.997332,0.500267,0.997332,0.954748,0.954748,band
20250122_133449.jpg,20250122_133449,6,marker,M2,11,0.772707,0.001601,0.208864,0.997332,0.500267,0.997332,1.0,1.0,band
20250122_134025.jpg,20250122_134025,1,marker,M1,1,0.00751,0.000733,0.084922,0.999267,0.500366,0.999267,0.266301,0.266301,band
20250122_134025.jpg,20250122_134025,1,marker,M1,2,0.00751,0.145788,0.084922,0.85348,0.572527,0.85348,0.688364,0.688364,band
20250122_134025.jpg,20250122_134025,1,marker,M1,3,0.00751,0.158242,0.084922,0.841026,0.578755,0.841026,0.76979,0.76979,band
20250122_134025.jpg,20250122_134025,1,marker,M1,4,0.00751,0.324542,0.084922,0.344322,0.496703,0.344322,0.967039,0.967039,band
20250122_134025.jpg,20250122_134025,1,marker,M1,5,0.00751,0.326007,0.084922,0.18022,0.416117,0.18022,0.984361,0.984361,band
20250122_134025.jpg,20250122_134025,1,marker,M1,6,0.00751,0.247619,0.084922,0.750183,0.622711,0.750183,0.916063,0.916063,band
20250122_134025.jpg,20250122_134025,1,marker,M1,7,0.00751,0.161905,0.084922,0.837363,0.580586,0.837363,0.780233,0.780233,band
20250122_134025.jpg,20250122_134025,1,marker,M1,8,0.00751,0.169963,0.084922,0.829304,0.584615,0.829304,0.79508,0.79508,band
20250122_134025.jpg,20250122_134025,1,marker,M1,9,0.00751,0.169231,0.084922,0.830037,0.584249,0.830037,0.793187,0.793187,band
20250122_134025.jpg,20250122_134025,1,marker,M1,10,0.00751,0.871795,0.084922,0.119414,0.931502,0.119414,1.0,1.0,band
20250122_134025.jpg,20250122_134025,1,marker,M1,11,0.00751,0.703297,0.084922,0.291575,0.849084,0.291575,0.959986,0.959986,band
20250122_134025.jpg,20250122_134025,2,sample,L2,1,0.114962,0.000733,0.169844,0.999267,0.500366,0.999267,0.443049,0.443049,band
20250122_134025.jpg,20250122_134025,3,sample,L3,1,0.314847,0.000733,0.169844,0.999267,0.500366,0.999267,0.541404,0.541404,band
20250122_134025.jpg,20250122_134025,3,sample,L3,2,0.314847,0.001465,0.169844,0.998535,0.500733,0.998535,1.0,1.0,band
20250122_134025.jpg,20250122_134025,3,sample,L3,3,0.314847,0.001465,0.169844,0.998535,0.500733,0.998535,0.970905,0.970905,band
20250122_134025.jpg,20250122_134025,3,sample,L3,4,0.314847,0.001465,0.169844,0.998535,0.500733,0.998535,0.824775,0.824775,band
20250122_134025.jpg,20250122_134025,4,sample,L4,1,0.514731,0.000733,0.169844,0.999267,0.500366,0.999267,0.586718,0.586718,band
20250122_134025.jpg,20250122_134025,4,sample,L4,2,0.514731,0.272527,0.169844,0.727473,0.636264,0.727473,1.0,1.0,band
20250122_134025.jpg,20250122_134025,5,sample,L5,1,0.714616,0.000733,0.169844,0.999267,0.500366,0.999267,0.57069,0.57069,band
20250122_134025.jpg,20250122_134025,5,sample,L5,2,0.714616,0.001465,0.169844,0.997802,0.500366,0.997802,1.0,1.0,band
20250122_134025.jpg,20250122_134025,6,marker,M2,1,0.90699,0.000733,0.084922,0.999267,0.500366,0.999267,0.762015,0.762015,band
20250122_134025.jpg,20250122_134025,6,marker,M2,2,0.90699,0.000733,0.084922,0.999267,0.500366,0.999267,0.926555,0.926555,band
20250122_134025.jpg,20250122_134025,6,marker,M2,3,0.90699,0.000733,0.084922,0.999267,0.500366,0.999267,0.780743,0.780743,band
20250122_135747.jpg,20250122_135747,1,marker,M1,1,0.004585,0.000932,0.051204,0.998603,0.500233,0.998603,0.573029,0.573029,band
20250122_135747.jpg,20250122_135747,1,marker,M1,2,0.004585,0.001397,0.051204,0.997671,0.500233,0.997671,0.777358,0.777358,band
20250122_135747.jpg,20250122_135747,1,marker,M1,3,0.004585,0.001397,0.051204,0.997671,0.500233,0.997671,0.812902,0.812902,band
20250122_135747.jpg,20250122_135747,1,marker,M1,4,0.004585,0.001397,0.051204,0.997671,0.500233,0.997671,0.886987,0.886987,band
20250122_135747.jpg,20250122_135747,1,marker,M1,5,0.004585,0.001397,0.051204,0.997671,0.500233,0.997671,0.890691,0.890691,band
20250122_135747.jpg,20250122_135747,1,marker,M1,6,0.004585,0.001397,0.051204,0.997671,0.500233,0.997671,0.85036,0.85036,band
20250122_135747.jpg,20250122_135747,1,marker,M1,7,0.004585,0.001397,0.051204,0.997671,0.500233,0.997671,0.76729,0.76729,band
20250122_135747.jpg,20250122_135747,1,marker,M1,8,0.004585,0.001397,0.051204,0.997671,0.500233,0.997671,0.775216,0.775216,band
20250122_135747.jpg,20250122_135747,1,marker,M1,9,0.004585,0.001397,0.051204,0.997671,0.500233,0.997671,0.789612,0.789612,band
20250122_135747.jpg,20250122_135747,1,marker,M1,10,0.004585,0.001863,0.051204,0.99674,0.500233,0.99674,0.973158,0.973158,band
20250122_135747.jpg,20250122_135747,1,marker,M1,11,0.004585,0.001863,0.051204,0.99674,0.500233,0.99674,1.0,1.0,band
20250122_135747.jpg,20250122_135747,2,sample,L2,1,0.063049,0.000932,0.030187,0.998603,0.500233,0.998603,0.421803,0.421803,band
20250122_135747.jpg,20250122_135747,2,sample,L2,2,0.063049,0.001863,0.030187,0.99674,0.500233,0.99674,0.765724,0.765724,band
20250122_135747.jpg,20250122_135747,2,sample,L2,3,0.063049,0.001863,0.030187,0.99674,0.500233,0.99674,0.824434,0.824434,band
20250122_135747.jpg,20250122_135747,2,sample,L2,4,0.063049,0.320913,0.030187,0.041919,0.341872,0.041919,0.998018,0.998018,band
20250122_135747.jpg,20250122_135747,2,sample,L2,5,0.063049,0.387517,0.030187,0.059618,0.417327,0.059618,1.0,1.0,band
20250122_135747.jpg,20250122_135747,2,sample,L2,6,0.063049,0.182115,0.030187,0.4653,0.414765,0.4653,0.908856,0.908856,band
20250122_135747.jpg,20250122_135747,2,sample,L2,7,0.063049,0.001863,0.030187,0.99674,0.500233,0.99674,0.745586,0.745586,band
20250122_135747.jpg,20250122_135747,2,sample,L2,8,0.063049,0.001863,0.030187,0.997205,0.500466,0.997205,0.700311,0.700311,band
20250122_135747.jpg,20250122_135747,2,sample,L2,9,0.063049,0.001397,0.030187,0.997671,0.500233,0.997671,0.662476,0.662476,band
20250122_135747.jpg,20250122_135747,2,sample,L2,10,0.063049,0.001863,0.030187,0.99674,0.500233,0.99674,0.784369,0.784369,band
20250122_135747.jpg,20250122_135747,2,sample,L2,11,0.063049,0.001863,0.030187,0.99674,0.500233,0.99674,0.811957,0.811957,band
20250122_135747.jpg,20250122_135747,2,sample,L2,12,0.063049,0.000932,0.030187,0.998603,0.500233,0.998603,0.49052,0.49052,band
20250122_135747.jpg,20250122_135747,3,sample,L3,1,0.098968,0.000932,0.032098,0.998603,0.500233,0.998603,0.750997,0.750997,band
20250122_135747.jpg,20250122_135747,3,sample,L3,2,0.098968,0.001397,0.032098,0.997671,0.500233,0.997671,0.938949,0.938949,band
20250122_135747.jpg,20250122_135747,3,sample,L3,3,0.098968,0.001397,0.032098,0.997671,0.500233,0.997671,1.0,1.0,band
20250122_135747.jpg,20250122_135747,3,sample,L3,4,0.098968,0.000932,0.032098,0.998603,0.500233,0.998603,0.874538,0.874538,band
20250122_135747.jpg,20250122_135747,4,sample,L4,1,0.13718,0.000932,0.034391,0.998603,0.500233,0.998603,0.710703,0.710703,band
20250122_135747.jpg,20250122_135747,4,sample,L4,2,0.13718,0.001397,0.034391,0.997671,0.500233,0.997671,0.955935,0.955935,band
20250122_135747.jpg,20250122_135747,4,sample,L4,3,0.13718,0.001397,0.034391,0.997671,0.500233,0.997671,0.850371,0.850371,band
20250122_135747.jpg,20250122_135747,5,sample,L5,1,0.177684,0.000932,0.033626,0.998603,0.500233,0.998603,0.56307,0.56307,band
20250122_135747.jpg,20250122_135747,5,sample,L5,2,0.177684,0.001863,0.033626,0.99674,0.500233,0.99674,1.0,1.0,band
20250122_135747.jpg,20250122_135747,5,sample,L5,3,0.177684,0.000932,0.033626,0.998137,0.5,0.998137,0.675552,0.675552,band
20250122_135747.jpg,20250122_135747,6,sample,L6,1,0.22927,0.000932,0.167749,0.998603,0.500233,0.998603,0.658691,0.658691,band
20250122_135747.jpg,20250122_135747,6,sample,L6,2,0.22927,0.001397,0.167749,0.997205,0.5,0.997205,1.0,1.0,band
20250122_135747.jpg,20250122_135747,6,sample,L6,3,0.22927,0.001397,0.167749,0.997671,0.500233,0.997671,0.81128,0.81128,band
20250122_135747.jpg,20250122_135747,7,sample,L7,1,0.426825,0.000932,0.166603,0.998603,0.500233,0.998603,0.676554,0.676554,band
20250122_135747.jpg,20250122_135747,7,sample,L7,2,0.426825,0.001397,0.166603,0.997671,0.500233,0.997671,0.934225,0.934225,band
20250122_135747.jpg,20250122_135747,7,sample,L7,3,0.426825,0.001397,0.166603,0.997671,0.500233,0.997671,0.917427,0.917427,band
20250122_135747.jpg,20250122_135747,7,sample,L7,4,0.426825,0.001397,0.166603,0.997671,0.500233,0.997671,1.0,1.0,band
20250122_135747.jpg,20250122_135747,8,marker,M2,1,0.637753,0.000932,0.332824,0.998603,0.500233,0.998603,0.747168,0.747168,band
20250122_135747.jpg,20250122_135747,8,marker,M2,2,0.637753,0.001397,0.332824,0.997671,0.500233,0.997671,1.0,1.0,band
20250122_135747.jpg,20250122_135747,8,marker,M2,3,0.637753,0.001397,0.332824,0.997671,0.500233,0.997671,0.941567,0.941567,band
20250130_115229.jpg,20250130_115229,1,marker,M1,1,0.00421,0.001245,0.04822,0.997924,0.500208,0.997924,0.345056,0.345056,band
20250130_115229.jpg,20250130_115229,1,marker,M1,2,0.00421,0.00166,0.04822,0.997094,0.500208,0.997094,0.463846,0.463846,band
20250130_115229.jpg,20250130_115229,1,marker,M1,3,0.00421,0.00166,0.04822,0.997094,0.500208,0.997094,0.494227,0.494227,band
20250130_115229.jpg,20250130_115229,1,marker,M1,4,0.00421,0.002076,0.04822,0.996264,0.500208,0.996264,0.596614,0.596614,band
20250130_115229.jpg,20250130_115229,1,marker,M1,5,0.00421,0.002076,0.04822,0.996264,0.500208,0.996264,0.636382,0.636382,band
20250130_115229.jpg,20250130_115229,1,marker,M1,6,0.00421,0.002076,0.04822,0.967621,0.485886,0.967621,0.652032,0.652032,band
20250130_115229.jpg,20250130_115229,1,marker,M1,7,0.00421,0.570776,0.04822,0.068908,0.60523,0.068908,0.672288,0.672288,band
20250130_115229.jpg,20250130_115229,1,marker,M1,8,0.00421,0.684101,0.04822,0.040266,0.704234,0.040266,0.713965,0.713965,band
20250130_115229.jpg,20250130_115229,1,marker,M1,9,0.00421,0.767123,0.04822,0.029058,0.781652,0.029058,0.748313,0.748313,band
20250130_115229.jpg,20250130_115229,1,marker,M1,10,0.00421,0.863844,0.04822,0.021586,0.874637,0.021586,0.98161,0.98161,band
20250130_115229.jpg,20250130_115229,1,marker,M1,11,0.00421,0.919054,0.04822,0.019095,0.928601,0.019095,1.0,1.0,band
20250130_115229.jpg,20250130_115229,1,marker,M1,12,0.00421,0.00083,0.04822,0.99834,0.5,0.99834,0.32352,0.32352,band
20250130_115229.jpg,20250130_115229,2,sample,L2,1,0.060084,0.00083,0.034443,0.99834,0.5,0.99834,0.305059,0.305059,band
20250130_115229.jpg,20250130_115229,2,sample,L2,2,0.060084,0.215027,0.034443,0.020756,0.225405,0.020756,0.804286,0.804286,band
20250130_115229.jpg,20250130_115229,2,sample,L2,3,0.060084,0.253217,0.034443,0.022416,0.264425,0.022416,0.873977,0.873977,band
20250130_115229.jpg,20250130_115229,2,sample,L2,4,0.060084,0.332503,0.034443,0.033209,0.349108,0.033209,0.996876,0.996876,band
20250130_115229.jpg,20250130_115229,2,sample,L2,5,0.060084,0.402242,0.034443,0.029058,0.41677,0.029058,1.0,1.0,band
20250130_115229.jpg,20250130_115229,2,sample,L2,6,0.060084,0.513491,0.034443,0.028643,0.527812,0.028643,0.863271,0.863271,band
20250130_115229.jpg,20250130_115229,2,sample,L2,7,0.060084,0.60357,0.034443,0.021586,0.614363,0.021586,0.744356,0.744356,band
20250130_115229.jpg,20250130_115229,2,sample,L2,8,0.060084,0.690328,0.034443,0.034454,0.707555,0.034454,0.637286,0.637286,band
20250130_115229.jpg,20250130_115229,2,sample,L2,9,0.060084,0.56538,0.034443,0.43296,0.78186,0.43296,0.559138,0.559138,band
20250130_115229.jpg,20250130_115229,2,sample,L2,10,0.060084,0.861768,0.034443,0.090909,0.907223,0.090909,0.641528,0.641528,band
20250130_115229.jpg,20250130_115229,2,sample,L2,11,0.060084,0.921129,0.034443,0.021586,0.931922,0.021586,0.713898,0.713898,band
20250130_115229.jpg,20250130_115229,2,sample,L2,12,0.060084,0.00083,0.034443,0.99834,0.5,0.99834,0.290718,0.290718,band
20250130_115229.jpg,20250130_115229,3,sample,L3,1,0.106008,0.001245,0.092997,0.997924,0.500208,0.997924,0.35171,0.35171,band
20250130_115229.jpg,20250130_115229,3,sample,L3,2,0.106008,0.002076,0.092997,0.996264,0.500208,0.996264,0.636099,0.636099,band
20250130_115229.jpg,20250130_115229,3,sample,L3,3,0.106008,0.00166,0.092997,0.997094,0.500208,0.997094,0.496738,0.496738,band
20250130_115229.jpg,20250130_115229,3,sample,L3,4,0.106008,0.00083,0.092997,0.99834,0.5,0.99834,0.342381,0.342381,band
20250130_115229.jpg,20250130_115229,4,sample,L4,1,0.21393,0.001245,0.071948,0.99834,0.500415,0.99834,0.486557,0.486557,band
20250130_115229.jpg,20250130_115229,4,sample,L4,2,0.21393,0.024907,0.071948,0.936903,0.493358,0.936903,1.0,1.0,band
20250130_115229.jpg,20250130_115229,4,sample,L4,3,0.21393,0.00166,0.071948,0.997094,0.500208,0.997094,0.71303,0.71303,band
20250130_115229.jpg,20250130_115229,4,sample,L4,4,0.21393,0.00166,0.071948,0.997094,0.500208,0.997094,0.713769,0.713769,band
20250130_115229.jpg,20250130_115229,4,sample,L4,5,0.21393,0.001245,0.071948,0.997924,0.500208,0.997924,0.617193,0.617193,band
20250130_115229.jpg,20250130_115229,4,sample,L4,6,0.21393,0.001245,0.071948,0.997924,0.500208,0.997924,0.488775,0.488775,band
20250130_115229.jpg,20250130_115229,5,sample,L5,1,0.305013,0.001245,0.1416,0.99834,0.500415,0.99834,0.567173,0.567173,band
20250130_115229.jpg,20250130_115229,5,sample,L5,2,0.305013,0.002076,0.1416,0.996264,0.500208,0.996264,1.0,1.0,band
20250130_115229.jpg,20250130_115229,5,sample,L5,3,0.305013,0.001245,0.1416,0.997924,0.500208,0.997924,0.567486,0.567486,band
20250130_115229.jpg,20250130_115229,6,sample,L6,1,0.472637,0.001245,0.153081,0.997924,0.500208,0.997924,0.566388,0.566388,band
20250130_115229.jpg,20250130_115229,6,sample,L6,2,0.472637,0.002076,0.153081,0.996264,0.500208,0.996264,1.0,1.0,band
20250130_115229.jpg,20250130_115229,6,sample,L6,3,0.472637,0.00166,0.153081,0.996679,0.5,0.996679,0.908419,0.908419,band
20250130_115229.jpg,20250130_115229,6,sample,L6,4,0.472637,0.00166,0.153081,0.997094,0.500208,0.997094,0.846939,0.846939,band
20250130_115229.jpg,20250130_115229,6,sample,L6,5,0.472637,0.00083,0.153081,0.99834,0.5,0.99834,0.536626,0.536626,band
20250130_115229.jpg,20250130_115229,7,sample,L7,1,0.644087,0.001245,0.052813,0.997924,0.500208,0.997924,0.467262,0.467262,band
20250130_115229.jpg,20250130_115229,7,sample,L7,2,0.644087,0.002076,0.052813,0.996264,0.500208,0.996264,0.817768,0.817768,band
20250130_115229.jpg,20250130_115229,7,sample,L7,3,0.644087,0.066833,0.052813,0.884599,0.509132,0.884599,1.0,1.0,band
20250130_115229.jpg,20250130_115229,7,sample,L7,4,0.644087,0.00083,0.052813,0.99834,0.5,0.99834,0.42787,0.42787,band
20250130_115229.jpg,20250130_115229,8,sample,L8,1,0.706468,0.001245,0.050134,0.997924,0.500208,0.997924,0.496486,0.496486,band
20250130_115229.jpg,20250130_115229,8,sample,L8,2,0.706468,0.002076,0.050134,0.971773,0.487962,0.971773,0.930993,0.930993,band
20250130_115229.jpg,20250130_115229,8,sample,L8,3,0.706468,0.01785,0.050134,0.952262,0.493981,0.952262,1.0,1.0,band
20250130_115229.jpg,20250130_115229,8,sample,L8,4,0.706468,0.00083,0.050134,0.99834,0.5,0.99834,0.463284,0.463284,band
20250130_115229.jpg,20250130_115229,9,sample,L9,1,0.764256,0.001245,0.035591,0.997924,0.500208,0.997924,0.442669,0.442669,band
20250130_115229.jpg,20250130_115229,9,sample,L9,2,0.764256,0.002076,0.035591,0.996264,0.500208,0.996264,0.783503,0.783503,band
20250130_115229.jpg,20250130_115229,9,sample,L9,3,0.764256,0.040681,0.035591,0.929846,0.505604,0.929846,0.911759,0.911759,band
20250130_115229.jpg,20250130_115229,9,sample,L9,4,0.764256,0.647987,0.035591,0.284765,0.790369,0.284765,1.0,1.0,band
20250130_115229.jpg,20250130_115229,9,sample,L9,5,0.764256,0.00166,0.035591,0.997094,0.500208,0.997094,0.599868,0.599868,band
20250130_115229.jpg,20250130_115229,9,sample,L9,6,0.764256,0.00083,0.035591,0.99834,0.5,0.99834,0.402204,0.402204,band
20250130_115229.jpg,20250130_115229,10,sample,L10,1,0.806736,0.001245,0.036739,0.997924,0.500208,0.997924,0.492583,0.492583,band
20250130_115229.jpg,20250130_115229,10,sample,L10,2,0.806736,0.002076,0.036739,0.972603,0.488377,0.972603,0.945125,0.945125,band
20250130_115229.jpg,20250130_115229,10,sample,L10,3,0.806736,0.030718,0.036739,0.9423,0.501868,0.9423,1.0,1.0,band
20250130_115229.jpg,20250130_115229,10,sample,L10,4,0.806736,0.004151,0.036739,0.969697,0.489,0.969697,0.968408,0.968408,band
20250130_115229.jpg,20250130_115229,10,sample,L10,5,0.806736,0.001245,0.036739,0.997509,0.5,0.997509,0.637874,0.637874,band
20250130_115229.jpg,20250130_115229,10,sample,L10,6,0.806736,0.001245,0.036739,0.997924,0.500208,0.997924,0.539926,0.539926,band
20250130_115229.jpg,20250130_115229,10,sample,L10,7,0.806736,0.00083,0.036739,0.99834,0.5,0.99834,0.441613,0.441613,band
20250130_115229.jpg,20250130_115229,11,sample,L11,1,0.849981,0.001245,0.036739,0.997924,0.500208,0.997924,0.450658,0.450658,band
20250130_115229.jpg,20250130_115229,11,sample,L11,2,0.849981,0.002076,0.036739,0.975093,0.489622,0.975093,0.864489,0.864489,band
20250130_115229.jpg,20250130_115229,11,sample,L11,3,0.849981,0.6401,0.036739,0.317974,0.799087,0.317974,0.973364,0.973364,band
20250130_115229.jpg,20250130_115229,11,sample,L11,4,0.849981,0.644666,0.036739,0.310502,0.799917,0.310502,1.0,1.0,band
20250130_115229.jpg,20250130_115229,11,sample,L11,5,0.849981,0.00166,0.036739,0.997094,0.500208,0.997094,0.617768,0.617768,band
20250130_115229.jpg,20250130_115229,11,sample,L11,6,0.849981,0.001245,0.036739,0.997924,0.500208,0.997924,0.497842,0.497842,band
20250130_115229.jpg,20250130_115229,11,sample,L11,7,0.849981,0.00083,0.036739,0.99834,0.5,0.99834,0.41292,0.41292,band
20250130_115229.jpg,20250130_115229,12,sample,L12,1,0.892843,0.00083,0.029851,0.99834,0.5,0.99834,0.366736,0.366736,band
20250130_115229.jpg,20250130_115229,12,sample,L12,2,0.892843,0.437941,0.029851,0.343296,0.609589,0.343296,1.0,1.0,band
20250130_115229.jpg,20250130_115229,12,sample,L12,3,0.892843,0.428394,0.029851,0.479452,0.66812,0.479452,0.850698,0.850698,band
20250130_115229.jpg,20250130_115229,12,sample,L12,4,0.892843,0.435035,0.029851,0.409714,0.639892,0.409714,0.941195,0.941195,band
20250130_115229.jpg,20250130_115229,12,sample,L12,5,0.892843,0.110834,0.029851,0.835201,0.528435,0.835201,0.767684,0.767684,band
20250130_115229.jpg,20250130_115229,12,sample,L12,6,0.892843,0.002076,0.029851,0.996264,0.500208,0.996264,0.611683,0.611683,band
20250130_115229.jpg,20250130_115229,12,sample,L12,7,0.892843,0.00083,0.029851,0.99834,0.5,0.99834,0.333258,0.333258,band
20250130_115229.jpg,20250130_115229,13,marker,M2,1,0.931114,0.00083,0.063146,0.99834,0.5,0.99834,0.606833,0.606833,band
20250130_115229.jpg,20250130_115229,13,marker,M2,2,0.931114,0.00166,0.063146,0.996679,0.5,0.996679,1.0,1.0,band
20250130_115229.jpg,20250130_115229,13,marker,M2,3,0.931114,0.00166,0.063146,0.996679,0.5,0.996679,0.934231,0.934231,band
20250130_115229.jpg,20250130_115229,13,marker,M2,4,0.931114,0.00166,0.063146,0.996679,0.5,0.996679,0.920659,0.920659,band
20250130_115229.jpg,20250130_115229,13,marker,M2,5,0.931114,0.00083,0.063146,0.99834,0.5,0.99834,0.528808,0.528808,band
20250130_115243.jpg,20250130_115243,1,marker,M1,1,0.003886,0.000798,0.04592,0.998004,0.4998,0.998004,0.481222,0.481222,band
20250130_115243.jpg,20250130_115243,1,marker,M1,2,0.003886,0.001597,0.04592,0.90978,0.456487,0.90978,0.73221,0.73221,band
20250130_115243.jpg,20250130_115243,1,marker,M1,3,0.003886,0.001597,0.04592,0.900599,0.451896,0.900599,0.768195,0.768195,band
20250130_115243.jpg,20250130_115243,1,marker,M1,4,0.003886,0.001996,0.04592,0.354491,0.179242,0.354491,0.897948,0.897948,band
20250130_115243.jpg,20250130_115243,1,marker,M1,5,0.003886,0.001996,0.04592,0.426747,0.215369,0.426747,0.863497,0.863497,band
20250130_115243.jpg,20250130_115243,1,marker,M1,6,0.003886,0.48024,0.04592,0.053892,0.507186,0.053892,0.841709,0.841709,band
20250130_115243.jpg,20250130_115243,1,marker,M1,7,0.003886,0.001597,0.04592,0.9002,0.451697,0.9002,0.772252,0.772252,band
20250130_115243.jpg,20250130_115243,1,marker,M1,8,0.003886,0.001597,0.04592,0.899002,0.451098,0.899002,0.799698,0.799698,band
20250130_115243.jpg,20250130_115243,1,marker,M1,9,0.003886,0.001597,0.04592,0.899401,0.451297,0.899401,0.786686,0.786686,band
20250130_115243.jpg,20250130_115243,1,marker,M1,10,0.003886,0.82475,0.04592,0.02475,0.837126,0.02475,1.0,1.0,band
20250130_115243.jpg,20250130_115243,1,marker,M1,11,0.003886,0.001996,0.04592,0.897804,0.450898,0.897804,0.822994,0.822994,band
20250130_115243.jpg,20250130_115243,1,marker,M1,12,0.003886,0.000399,0.04592,0.998802,0.4998,0.998802,0.320589,0.320589,band
20250130_115243.jpg,20250130_115243,2,sample,L2,1,0.056517,0.000798,0.029671,0.998004,0.4998,0.998004,0.324201,0.324201,band
20250130_115243.jpg,20250130_115243,2,sample,L2,2,0.056517,0.213174,0.029671,0.021956,0.224152,0.021956,0.759226,0.759226,band
20250130_115243.jpg,20250130_115243,2,sample,L2,3,0.056517,0.252695,0.029671,0.021557,0.263473,0.021557,0.824147,0.824147,band
20250130_115243.jpg,20250130_115243,2,sample,L2,4,0.056517,0.330938,0.029671,0.026747,0.344311,0.026747,1.0,1.0,band
20250130_115243.jpg,20250130_115243,2,sample,L2,5,0.056517,0.397206,0.029671,0.027944,0.411178,0.027944,0.950876,0.950876,band
20250130_115243.jpg,20250130_115243,2,sample,L2,6,0.056517,0.508184,0.029671,0.026347,0.521357,0.026347,0.879944,0.879944,band
20250130_115243.jpg,20250130_115243,2,sample,L2,7,0.056517,0.594411,0.029671,0.019561,0.604192,0.019561,0.765949,0.765949,band
20250130_115243.jpg,20250130_115243,2,sample,L2,8,0.056517,0.677844,0.029671,0.025549,0.690619,0.025549,0.717719,0.717719,band
20250130_115243.jpg,20250130_115243,2,sample,L2,9,0.056517,0.748902,0.029671,0.023553,0.760679,0.023553,0.625606,0.625606,band
20250130_115243.jpg,20250130_115243,2,sample,L2,10,0.056517,0.834331,0.029671,0.017166,0.842914,0.017166,0.798044,0.798044,band
20250130_115243.jpg,20250130_115243,2,sample,L2,11,0.056517,0.878244,0.029671,0.022355,0.889421,0.022355,0.689983,0.689983,band
20250130_115243.jpg,20250130_115243,2,sample,L2,12,0.056517,0.000399,0.029671,0.998802,0.4998,0.998802,0.208516,0.208516,band
20250130_115243.jpg,20250130_115243,3,sample,L3,1,0.091487,0.000798,0.029671,0.998004,0.4998,0.998004,0.402679,0.402679,band
20250130_115243.jpg,20250130_115243,3,sample,L3,2,0.091487,0.420359,0.029671,0.145309,0.493014,0.145309,1.0,1.0,band
20250130_115243.jpg,20250130_115243,3,sample,L3,3,0.091487,0.400399,0.029671,0.502994,0.651896,0.502994,0.70501,0.70501,band
20250130_115243.jpg,20250130_115243,3,sample,L3,4,0.091487,0.413174,0.029671,0.325749,0.576048,0.325749,0.849209,0.849209,band
20250130_115243.jpg,20250130_115243,3,sample,L3,5,0.091487,0.001597,0.029671,0.943313,0.473253,0.943313,0.569668,0.569668,band
20250130_115243.jpg,20250130_115243,3,sample,L3,6,0.091487,0.001597,0.029671,0.932535,0.467864,0.932535,0.58403,0.58403,band
20250130_115243.jpg,20250130_115243,3,sample,L3,7,0.091487,0.001198,0.029671,0.997206,0.4998,0.997206,0.435695,0.435695,band
20250130_115243.jpg,20250130_115243,3,sample,L3,8,0.091487,0.000399,0.029671,0.998802,0.4998,0.998802,0.261372,0.261372,band
20250130_115243.jpg,20250130_115243,4,sample,L4,1,0.12681,0.000798,0.030731,0.998004,0.4998,0.998004,0.356725,0.356725,band
20250130_115243.jpg,20250130_115243,4,sample,L4,2,0.12681,0.423553,0.030731,0.138124,0.492615,0.138124,1.0,1.0,band
20250130_115243.jpg,20250130_115243,4,sample,L4,3,0.12681,0.407984,0.030731,0.459481,0.637725,0.459481,0.677941,0.677941,band
20250130_115243.jpg,20250130_115243,4,sample,L4,4,0.12681,0.41517,0.030731,0.315369,0.572854,0.315369,0.802097,0.802097,band
20250130_115243.jpg,20250130_115243,4,sample,L4,5,0.12681,0.001597,0.030731,0.946906,0.47505,0.946906,0.516948,0.516948,band
20250130_115243.jpg,20250130_115243,4,sample,L4,6,0.12681,0.001597,0.030731,0.964471,0.483832,0.964471,0.488308,0.488308,band
20250130_115243.jpg,20250130_115243,4,sample,L4,7,0.12681,0.000399,0.030731,0.998802,0.4998,0.998802,0.230618,0.230618,band
20250130_115243.jpg,20250130_115243,5,sample,L5,1,0.163193,0.000798,0.032144,0.998004,0.4998,0.998004,0.371858,0.371858,band
20250130_115243.jpg,20250130_115243,5,sample,L5,2,0.163193,0.426747,0.032144,0.133333,0.493413,0.133333,1.0,1.0,band
20250130_115243.jpg,20250130_115243,5,sample,L5,3,0.163193,0.001597,0.032144,0.986826,0.49501,0.986826,0.505536,0.505536,band
20250130_115243.jpg,20250130_115243,5,sample,L5,4,0.163193,0.001996,0.032144,0.903393,0.453693,0.903393,0.639402,0.639402,band
20250130_115243.jpg,20250130_115243,6,sample,L6,1,0.201342,0.001198,0.031791,0.997605,0.5,0.997605,0.317508,0.317508,band
20250130_115243.jpg,20250130_115243,6,sample,L6,2,0.201342,0.427545,0.031791,0.135329,0.49521,0.135329,1.0,1.0,band
20250130_115243.jpg,20250130_115243,6,sample,L6,3,0.201342,0.001996,0.031791,0.902994,0.453493,0.902994,0.540829,0.540829,band
20250130_115243.jpg,20250130_115243,6,sample,L6,4,0.201342,0.415968,0.031791,0.313373,0.572655,0.313373,0.6711,0.6711,band
20250130_115243.jpg,20250130_115243,6,sample,L6,5,0.201342,0.000798,0.031791,0.998403,0.5,0.998403,0.228279,0.228279,band
20250130_115243.jpg,20250130_115243,7,sample,L7,1,0.238785,0.431138,0.031438,0.094212,0.478244,0.094212,1.0,1.0,band
20250130_115243.jpg,20250130_115243,7,sample,L7,2,0.238785,0.413174,0.031438,0.317365,0.571856,0.317365,0.604491,0.604491,band
20250130_115243.jpg,20250130_115243,7,sample,L7,3,0.238785,0.001597,0.031438,0.996806,0.5,0.996806,0.465082,0.465082,band
20250130_115243.jpg,20250130_115243,7,sample,L7,4,0.238785,0.000798,0.031438,0.998403,0.5,0.998403,0.25669,0.25669,band
20250130_115243.jpg,20250130_115243,8,sample,L8,1,0.275874,0.001198,0.030025,0.997605,0.5,0.997605,0.312305,0.312305,band
20250130_115243.jpg,20250130_115243,8,sample,L8,2,0.275874,0.428343,0.030025,0.136527,0.496607,0.136527,1.0,1.0,band
20250130_115243.jpg,20250130_115243,8,sample,L8,3,0.275874,0.420359,0.030025,0.3002,0.570459,0.3002,0.685701,0.685701,band
20250130_115243.jpg,20250130_115243,8,sample,L8,4,0.275874,0.001996,0.030025,0.8998,0.451896,0.8998,0.524731,0.524731,band
20250130_115243.jpg,20250130_115243,9,sample,L9,1,0.311551,0.435928,0.030378,0.050699,0.461277,0.050699,1.0,1.0,band
20250130_115243.jpg,20250130_115243,9,sample,L9,2,0.311551,0.416766,0.030378,0.472655,0.653094,0.472655,0.59243,0.59243,band
20250130_115243.jpg,20250130_115243,9,sample,L9,3,0.311551,0.000798,0.030378,0.998403,0.5,0.998403,0.256112,0.256112,band
20250130_115243.jpg,20250130_115243,10,sample,L10,1,0.34864,0.001198,0.042388,0.997605,0.5,0.997605,0.323566,0.323566,band
20250130_115243.jpg,20250130_115243,10,sample,L10,2,0.34864,0.433533,0.042388,0.088623,0.477844,0.088623,1.0,1.0,band
20250130_115243.jpg,20250130_115243,10,sample,L10,3,0.34864,0.421557,0.042388,0.3002,0.571657,0.3002,0.632097,0.632097,band
20250130_115243.jpg,20250130_115243,10,sample,L10,4,0.34864,0.000798,0.042388,0.998403,0.5,0.998403,0.249639,0.249639,band
20250130_115243.jpg,20250130_115243,11,marker,M2,1,0.440127,0.001996,0.514306,0.923353,0.463673,0.923353,1.0,1.0,band
20250130_115243.jpg,20250130_115243,11,marker,M2,2,0.440127,0.001597,0.514306,0.996806,0.5,0.996806,0.781451,0.781451,band
20250130_115332.jpg,20250130_115332,1,marker,M1,1,0.004428,0.000879,0.048712,0.998242,0.5,0.998242,0.428222,0.428222,band
20250130_115332.jpg,20250130_115332,1,marker,M1,2,0.004428,0.001758,0.048712,0.426374,0.214945,0.426374,0.845888,0.845888,band
20250130_115332.jpg,20250130_115332,1,marker,M1,3,0.004428,0.001758,0.048712,0.428571,0.216044,0.428571,0.838632,0.838632,band
20250130_115332.jpg,20250130_115332,1,marker,M1,4,0.004428,0.38989,0.048712,0.033846,0.406813,0.033846,1.0,1.0,band
20250130_115332.jpg,20250130_115332,1,marker,M1,5,0.004428,0.456703,0.048712,0.037802,0.475604,0.037802,0.950168,0.950168,band
20250130_115332.jpg,20250130_115332,1,marker,M1,6,0.004428,0.563956,0.048712,0.04,0.583956,0.04,0.853258,0.853258,band
20250130_115332.jpg,20250130_115332,1,marker,M1,7,0.004428,0.001758,0.048712,0.973187,0.488352,0.973187,0.777756,0.777756,band
20250130_115332.jpg,20250130_115332,1,marker,M1,8,0.004428,0.001758,0.048712,0.974066,0.488791,0.974066,0.768366,0.768366,band
20250130_115332.jpg,20250130_115332,1,marker,M1,9,0.004428,0.001758,0.048712,0.990769,0.497143,0.990769,0.750321,0.750321,band
20250130_115332.jpg,20250130_115332,1,marker,M1,10,0.004428,0.902418,0.048712,0.025495,0.915165,0.025495,0.885109,0.885109,band
20250130_115332.jpg,20250130_115332,1,marker,M1,11,0.004428,0.949011,0.048712,0.024615,0.961319,0.024615,0.79128,0.79128,band
20250130_115332.jpg,20250130_115332,1,marker,M1,12,0.004428,0.000879,0.048712,0.998242,0.5,0.998242,0.384628,0.384628,band
20250130_115332.jpg,20250130_115332,2,sample,L2,1,0.060386,0.000879,0.034219,0.998242,0.5,0.998242,0.327735,0.327735,band
20250130_115332.jpg,20250130_115332,2,sample,L2,2,0.060386,0.057143,0.034219,0.294066,0.204176,0.294066,0.673614,0.673614,band
20250130_115332.jpg,20250130_115332,2,sample,L2,3,0.060386,0.314725,0.034219,0.026374,0.327912,0.026374,0.755966,0.755966,band
20250130_115332.jpg,20250130_115332,2,sample,L2,4,0.060386,0.395165,0.034219,0.031648,0.410989,0.031648,0.882902,0.882902,band
20250130_115332.jpg,20250130_115332,2,sample,L2,5,0.060386,0.464615,0.034219,0.032088,0.480659,0.032088,0.90932,0.90932,band
20250130_115332.jpg,20250130_115332,2,sample,L2,6,0.060386,0.576703,0.034219,0.027692,0.590549,0.027692,0.909008,0.909008,band
20250130_115332.jpg,20250130_115332,2,sample,L2,7,0.060386,0.665055,0.034219,0.020659,0.675385,0.020659,0.852297,0.852297,band
20250130_115332.jpg,20250130_115332,2,sample,L2,8,0.060386,0.752088,0.034219,0.027253,0.765714,0.027253,0.81861,0.81861,band
20250130_115332.jpg,20250130_115332,2,sample,L2,9,0.060386,0.824176,0.034219,0.023736,0.836044,0.023736,0.757156,0.757156,band
20250130_115332.jpg,20250130_115332,2,sample,L2,10,0.060386,0.91033,0.034219,0.018022,0.919341,0.018022,0.903509,0.903509,band
20250130_115332.jpg,20250130_115332,2,sample,L2,11,0.060386,0.957363,0.034219,0.014505,0.964615,0.014505,1.0,1.0,band
20250130_115332.jpg,20250130_115332,2,sample,L2,12,0.060386,0.000879,0.034219,0.998242,0.5,0.998242,0.301409,0.301409,band
20250130_115332.jpg,20250130_115332,3,sample,L3,1,0.101047,0.000879,0.034622,0.998242,0.5,0.998242,0.285103,0.285103,band
20250130_115332.jpg,20250130_115332,3,sample,L3,2,0.101047,0.493626,0.034622,0.12967,0.558462,0.12967,1.0,1.0,band
20250130_115332.jpg,20250130_115332,3,sample,L3,3,0.101047,0.482198,0.034622,0.314725,0.63956,0.314725,0.66498,0.66498,band
20250130_115332.jpg,20250130_115332,3,sample,L3,4,0.101047,0.001758,0.034622,0.974066,0.488791,0.974066,0.495192,0.495192,band
20250130_115332.jpg,20250130_115332,3,sample,L3,5,0.101047,0.478242,0.034622,0.444396,0.70044,0.444396,0.589723,0.589723,band
20250130_115332.jpg,20250130_115332,3,sample,L3,6,0.101047,0.000879,0.034622,0.997802,0.49978,0.997802,0.358027,0.358027,band
20250130_115332.jpg,20250130_115332,3,sample,L3,7,0.101047,0.000879,0.034622,0.998242,0.5,0.998242,0.25924,0.25924,band
20250130_115332.jpg,20250130_115332,4,sample,L4,1,0.14211,0.000879,0.034622,0.998242,0.5,0.998242,0.296741,0.296741,band
20250130_115332.jpg,20250130_115332,4,sample,L4,2,0.14211,0.490989,0.034622,0.132308,0.557143,0.132308,1.0,1.0,band
20250130_115332.jpg,20250130_115332,4,sample,L4,3,0.14211,0.001758,0.034622,0.973626,0.488571,0.973626,0.530756,0.530756,band
20250130_115332.jpg,20250130_115332,4,sample,L4,4,0.14211,0.477363,0.034622,0.324835,0.63978,0.324835,0.642106,0.642106,band
20250130_115332.jpg,20250130_115332,4,sample,L4,5,0.14211,0.001319,0.034622,0.996923,0.49978,0.996923,0.433977,0.433977,band
20250130_115332.jpg,20250130_115332,4,sample,L4,6,0.14211,0.000879,0.034622,0.998242,0.5,0.998242,0.29024,0.29024,band
20250130_115332.jpg,20250130_115332,5,sample,L5,1,0.18277,0.000879,0.034219,0.998242,0.5,0.998242,0.281581,0.281581,band
20250130_115332.jpg,20250130_115332,5,sample,L5,2,0.18277,0.495824,0.034219,0.097582,0.544615,0.097582,1.0,1.0,band
20250130_115332.jpg,20250130_115332,5,sample,L5,3,0.18277,0.484835,0.034219,0.238242,0.603956,0.238242,0.656949,0.656949,band
20250130_115332.jpg,20250130_115332,5,sample,L5,4,0.18277,0.001758,0.034219,0.996484,0.5,0.996484,0.479196,0.479196,band
20250130_115332.jpg,20250130_115332,5,sample,L5,5,0.18277,0.000879,0.034219,0.998242,0.5,0.998242,0.265291,0.265291,band
20250130_115332.jpg,20250130_115332,6,marker,M2,1,0.278583,0.000879,0.662641,0.998242,0.5,0.998242,0.449423,0.449423,band
20250130_115332.jpg,20250130_115332,6,marker,M2,2,0.278583,0.481319,0.662641,0.300659,0.631648,0.300659,1.0,1.0,band
